<?xml version="1.0" encoding="UTF-8"?>
<?xml-model href="http://www.tei-c.org/release/xml/tei/custom/schema/relaxng/tei_all.rng" type="application/xml" schematypens="http://relaxng.org/ns/structure/1.0"?>
<?xml-model href="http://www.tei-c.org/release/xml/tei/custom/schema/relaxng/tei_all.rng" type="application/xml"
	schematypens="http://purl.oclc.org/dsdl/schematron"?>
<TEI xmlns="http://www.tei-c.org/ns/1.0">
  <teiHeader>
      <fileDesc>
         <titleStmt>
            <title>Title</title>
         </titleStmt>
         <publicationStmt>
            <p>Publication Information</p>
         </publicationStmt>
         <sourceDesc>
            <p>Information about the source</p>
         </sourceDesc>
      </fileDesc>
  </teiHeader><text>
      <body><head><title>BEFORE THE WORLD WAS MADE</title></head>
<lg n="s1">
<l n="1">
<w pos="IN" lemma="IF" phon="!If" >IF</w> 
<w pos="PRP" lemma="I" phon="aI" >I</w> 
<w pos="VBP" lemma="make" phon="!meIk" >make</w> 
<w pos="DT" lemma="the" phon="D@" >the</w> 
<w pos="NNS" lemma="lash" phon="!l{-SIz" >lashes</w> 
<w pos="VBP" lemma="dark" phon="!da:k" >dark</w> </l>
<l n="2">
<w pos="CC" lemma="And" phon="@n" >And</w> 
<w pos="DT" lemma="the" phon="D@" >the</w> 
<w pos="NNS" lemma="eye" phon="!aIz" >eyes</w> 
<w pos="JJR" lemma="more" phon="!mO:" >more</w> 
<w pos="JJ" lemma="bright" phon="!braIt" >bright</w> </l>
<l n="3"><w pos="CC" lemma="And" phon="@n" >And</w> 
<w pos="DT" lemma="the" phon="D@" >the</w> 
<w pos="NNS" lemma="lip" phon="!lIps" >lips</w> 
<w pos="RBR" lemma="more" phon="!mO:" >more</w> 
<w pos="NN" lemma="scarlet" phon="!ska:-lIt" >scarlet</w>,</l>
<l n="4">
<w pos="CC" lemma="Or" phon="Q" >Or</w> 
<w pos="VB" lemma="ask" phon="!a:sk" >ask</w> 
<w pos="IN" lemma="if" phon="!If" >if</w> 
<w pos="DT" lemma="all" phon="O:l" >all</w> 
<w pos="VB" lemma="be" phon="bi:" >be</w> 
<w pos="JJ" lemma="right" phon="!raIt" >right</w> </l>
<l n="5"><w pos="IN" lemma="From" phon="!frQm" >From</w> 
<w pos="NN" lemma="mirror" phon="!mI-r@" >mirror</w> 
<w pos="IN" lemma="after" phon="!a:f-t@" >after</w> 
<w pos="NN" lemma="mirror" phon="!mI-r@" >mirror</w>,</l>
<l n="6"><w pos="DT" lemma="No" phon="!n@U" >No</w> 
<w pos="NN" lemma="vanity" phon="!v{-nI-tI" >vanity</w> 
<w pos="POS" lemma="'s" phon="" >'s</w> 
<w pos="NN" lemma="displayed" phon="dI-!s-p-leId" >displayed</w>:</l>
<l n="7">
<w pos="PRP" lemma="I" phon="aI" >I</w> 
<w pos="VBP" lemma="'m" phon="" >'m</w> 
<w pos="VBG" lemma="look" phon="!lU-kIN" >looking</w> 
<w pos="IN" lemma="for" phon="fQ" >for</w> 
<w pos="DT" lemma="the" phon="D@" >the</w> 
<w pos="NN" lemma="face" phon="!feIs" >face</w> 
<w pos="PRP" lemma="I" phon="aI" >I</w> 
<w pos="VBD" lemma="have" phon="!h{d" >had</w> </l>
<l n="8"><w pos="IN" lemma="Before" phon="bI-!fO:" >Before</w> 
<w pos="DT" lemma="the" phon="D@" >the</w> 
<w pos="NN" lemma="world" phon="!w3:ld" >world</w> 
<w pos="VBD" lemma="be" phon="wQz" >was</w> 
<w pos="VBN" lemma="make" phon="!meId" >made</w>.</l>
<l n="9">
<w pos="WP" lemma="What" phon="!wQt" >What</w> 
<w pos="IN" lemma="if" phon="!If" >if</w> 
<w pos="PRP" lemma="I" phon="aI" >I</w> 
<w pos="VBP" lemma="look" phon="!lUk" >look</w> 
<w pos="IN" lemma="upon" phon="@-!pQn" >upon</w> 
<w pos="DT" lemma="a" phon="@" >a</w> 
<w pos="NN" lemma="man" phon="!m{n" >man</w> </l>
<l n="10"><w pos="IN" lemma="As" phon="@z" >As</w> 
<w pos="IN" lemma="though" phon="!D@U" >though</w> 
<w pos="IN" lemma="on" phon="Qn" >on</w> 
<w pos="PRP$" lemma="my" phon="!maI" >my</w> 
<w pos="VBN" lemma="beloved" phon="bI-!lV-vId" >beloved</w>,</l>
<l n="11">
<w pos="CC" lemma="And" phon="@n" >And</w> 
<w pos="PRP$" lemma="my" phon="!maI" >my</w> 
<w pos="NN" lemma="blood" phon="!blVd" >blood</w> 
<w pos="VB" lemma="be" phon="bi:" >be</w> 
<w pos="VBN" lemma="cold" phon="k@Uld" >cold</w> 
<w pos="DT" lemma="the" phon="D@" >the</w> 
<w pos="NN" lemma="while" phon="!waIl" >while</w> </l>
<l n="12"><w pos="CC" lemma="And" phon="@n" >And</w> 
<w pos="PRP$" lemma="my" phon="!maI" >my</w> 
<w pos="NN" lemma="heart" phon="!ha:t" >heart</w> 
<w pos="VBD" lemma="unmoved" phon="Vn-!mu:vd" >unmoved</w>?</l>
<l n="13">
<w pos="WRB" lemma="Why" phon="!waI" >Why</w> 
<w pos="MD" lemma="should" phon="!SUd" >should</w> 
<w pos="PRP" lemma="he" phon="hi: " >he</w> 
<w pos="VB" lemma="think" phon="!TINk" >think</w> 
<w pos="PRP" lemma="me" phon="!mi:" >me</w> 
<w pos="VB" lemma="cruel" phon="!krU@l" >cruel</w> </l>
<l n="14"><w pos="CC" lemma="Or" phon="Q" >Or</w> 
<w pos="IN" lemma="that" phon="!D{t" >that</w> 
<w pos="PRP" lemma="he" phon="hi: " >he</w> 
<w pos="VBZ" lemma="be" phon="!Iz" >is</w> 
<w pos="VBN" lemma="betray" phon="bI-!t-reId" >betrayed</w>?</l>
<l n="15">
<w pos="PRP" lemma="I" phon="aI" >I</w> 
<w pos="MD" lemma="'d" phon="" >'d</w> 
<w pos="VB" lemma="have" phon="h{v" >have</w> 
<w pos="PRP" lemma="him" phon="hIm" >him</w> 
<w pos="VB" lemma="love" phon="!lVv" >love</w> 
<w pos="DT" lemma="the" phon="D@" >the</w> 
<w pos="NN" lemma="thing" phon="!TIN" >thing</w> 
<w pos="WDT" lemma="that" phon="!D{t" >that</w> 
<w pos="VBD" lemma="be" phon="wQz" >was</w> </l>
<l n="16"><w pos="IN" lemma="Before" phon="bI-!fO:" >Before</w> 
<w pos="DT" lemma="the" phon="D@" >the</w> 
<w pos="NN" lemma="world" phon="!w3:ld" >world</w> 
<w pos="VBD" lemma="be" phon="wQz" >was</w> 
<w pos="VBN" lemma="make" phon="!meId" >made</w>.</l>
</lg></body>
		   </text>
		</TEI>
		