<?xml version="1.0" encoding="UTF-8"?>
<?xml-model href="http://www.tei-c.org/release/xml/tei/custom/schema/relaxng/tei_all.rng" type="application/xml" schematypens="http://relaxng.org/ns/structure/1.0"?>
<?xml-model href="http://www.tei-c.org/release/xml/tei/custom/schema/relaxng/tei_all.rng" type="application/xml"
	schematypens="http://purl.oclc.org/dsdl/schematron"?>
<TEI xmlns="http://www.tei-c.org/ns/1.0">
  <teiHeader>
      <fileDesc>
         <titleStmt>
            <title>Title</title>
         </titleStmt>
         <publicationStmt>
            <p>Publication Information</p>
         </publicationStmt>
         <sourceDesc>
            <p>Information about the source</p>
         </sourceDesc>
      </fileDesc>
  </teiHeader><text>
      <body><head><title>Belfast</title></head>
<lg n="s1">
<l n="1">
<w pos="DT" lemma="The" phon="D@" >The</w> 
<w pos="JJ" lemma="hard" phon="ha:d" >hard</w> 
<w pos="JJ" lemma="cold" phon="k@Uld" >cold</w> 
<w pos="NN" lemma="fire" phon="!faI-@" >fire</w> 
<w pos="IN" lemma="of" phon="Qv" >of</w> 
<w pos="DT" lemma="the" phon="D@" >the</w> 
<w pos="NN" lemma="northerner" phon="!nQ-D@-n@" >northerner</w> </l>
<l n="2">
<w pos="NNP" lemma="Frozen" phon="!fr@U-z@n" >Frozen</w> 
<w pos="IN" lemma="into" phon="!In-tU" >into</w> 
<w pos="PRP$" lemma="his" phon="hIz" >his</w> 
<w pos="NN" lemma="blood" phon="!blVd" >blood</w> 
<w pos="IN" lemma="from" phon="!frQm" >from</w> 
<w pos="DT" lemma="the" phon="D@" >the</w> 
<w pos="NN" lemma="fire" phon="!faI-@" >fire</w> 
<w pos="IN" lemma="in" phon="In" >in</w> 
<w pos="PRP$" lemma="his" phon="hIz" >his</w> 
<w pos="NN" lemma="basalt" phon="!b{-sQlt" >basalt</w> </l>
<l n="3">
<w pos="NNS" lemma="Glares" phon="!gle@z" >Glares</w> 
<w pos="IN" lemma="from" phon="!frQm" >from</w> 
<w pos="IN" lemma="behind" phon="bI-!haInd" >behind</w> 
<w pos="DT" lemma="the" phon="D@" >the</w> 
<w pos="NN" lemma="mica" phon="!maI-k@" >mica</w> 
<w pos="IN" lemma="of" phon="Qv" >of</w> 
<w pos="PRP$" lemma="his" phon="hIz" >his</w> 
<w pos="NNS" lemma="eye" phon="!aIz" >eyes</w> </l>
<l n="4"><w pos="CC" lemma="And" phon="@n" >And</w> 
<w pos="DT" lemma="the" phon="D@" >the</w> 
<w pos="NN" lemma="salt" phon="!sQlt" >salt</w> 
<w pos="NN" lemma="carrion" phon="!k{-rI@n" >carrion</w> 
<w pos="NN" lemma="water" phon="!wO:-t@" >water</w> 
<w pos="VBZ" lemma="bring" phon="!brINz" >brings</w> 
<w pos="PRP" lemma="him" phon="hIm" >him</w> 
<w pos="NN" lemma="wealth" phon="!welT" >wealth</w>.</l></lg>
<lg n="s2">
<l n="5">
<w pos="IN" lemma="Down" phon="!daUn" >Down</w> 
<w pos="RB" lemma="there" phon="!De@" >there</w> 
<w pos="IN" lemma="at" phon="{t" >at</w> 
<w pos="DT" lemma="the" phon="D@" >the</w> 
<w pos="NN" lemma="end" phon="!end" >end</w> 
<w pos="IN" lemma="of" phon="Qv" >of</w> 
<w pos="DT" lemma="the" phon="D@" >the</w> 
<w pos="NN" lemma="melancholy" phon="!me-l@n-k@-lI" >melancholy</w> 
<w pos="NN" lemma="lough" phon="!lQk" >lough</w> </l>
<l n="6">
<w pos="IN" lemma="Against" phon="@-!genst" >Against</w> 
<w pos="DT" lemma="the" phon="D@" >the</w> 
<w pos="JJ" lemma="lurid" phon="!ljU@-rId" >lurid</w> 
<w pos="NN" lemma="sky" phon="!skaI" >sky</w> 
<w pos="IN" lemma="over" phon="!%@U-v@" >over</w> 
<w pos="DT" lemma="the" phon="D@" >the</w> 
<w pos="JJ" lemma="stained" phon="!steInd" >stained</w> 
<w pos="NN" lemma="water" phon="!wO:-t@" >water</w> </l>
<l n="7">
<w pos="WRB" lemma="Where" phon="!we@" >Where</w> 
<w pos="NNS" lemma="hammer" phon="!h{-m@z" >hammers</w> 
<w pos="VBP" lemma="clang" phon="!kl{N" >clang</w> 
<w pos="RB" lemma="murderously" phon="!m3:-d@-r@s-lI" >murderously</w> 
<w pos="IN" lemma="on" phon="Qn" >on</w> 
<w pos="DT" lemma="the" phon="D@" >the</w> 
<w pos="NNS" lemma="girder" phon="!g3:-d@z" >girders</w> </l>
<l n="8"><w pos="IN" lemma="Like" phon="!laIk" >Like</w> 
<w pos="NNS" lemma="crucifix" phon="!kru:-sI-%fIk-sIz" >crucifixes</w> 
<w pos="DT" lemma="the" phon="D@" >the</w> 
<w pos="NNS" lemma="gantry" phon="!g{n-trIz" >gantries</w> 
<w pos="VBP" lemma="stand" phon="!st{nd" >stand</w>.</l></lg>
<lg n="s3">
<l n="9">
<w pos="CC" lemma="And" phon="@n" >And</w> 
<w pos="IN" lemma="in" phon="In" >in</w> 
<w pos="DT" lemma="the" phon="D@" >the</w> 
<w pos="JJ" lemma="marble" phon="!ma:-bl" >marble</w> 
<w pos="NNS" lemma="store" phon="!stO:z" >stores</w> 
<w pos="VBP" lemma="rubber" phon="!rV-b@" >rubber</w> 
<w pos="NNS" lemma="glove" phon="!glVvz" >gloves</w> 
<w pos="IN" lemma="like" phon="!laIk" >like</w> 
<w pos="NNS" lemma="polyp" phon="!pQ-lIps" >polyps</w> </l>
<l n="10"><w pos="NNP" lemma="Cluster" phon="!klVs-t@" >Cluster</w>,
<w pos="NN" lemma="celluloid" phon="!sel-jU-%loId" >celluloid</w>,
<w pos="VBN" lemma="paint" phon="!pein-tId" >painted</w> 
<w pos="NN" lemma="ware" phon="!we@" >ware</w>,
<w pos="VBG" lemma="glare" phon="!gle@-rIN" >glaring</w> </l>
<l n="11"><w pos="NN" lemma="Metal" phon="!me-tl" >Metal</w> 
<w pos="NNS" lemma="patent" phon="!peI-t@nts" >patents</w>,
<w pos="NN" lemma="parchment" phon="!pa:tS-m@nt" >parchment</w> 
<w pos="NNS" lemma="lampshade" phon="!l{mp-SeIdz" >lampshades</w>,
<w pos="NN" lemma="harsh" phon="!ha:S" >harsh</w> </l>
<l n="12"><w pos="NNS" lemma="Attempts" phon="@-!tempts" >Attempts</w> 
<w pos="IN" lemma="at" phon="{t" >at</w> 
<w pos="JJ" lemma="buyable" phon="!baI-@-bl" >buyable</w> 
<w pos="NN" lemma="beauty" phon="!bju-tI" >beauty</w>.</l></lg>
<lg n="s4">
<l n="13">
<w pos="IN" lemma="In" phon="In" >In</w> 
<w pos="DT" lemma="the" phon="D@" >the</w> 
<w pos="NN" lemma="porch" phon="!pQtS" >porch</w> 
<w pos="IN" lemma="of" phon="Qv" >of</w> 
<w pos="DT" lemma="the" phon="D@" >the</w> 
<w pos="NN" lemma="chapel" phon="!tS{-p@l" >chapel</w> 
<w pos="IN" lemma="before" phon="bI-!fO:" >before</w> 
<w pos="DT" lemma="the" phon="D@" >the</w> 
<w pos="JJ" lemma="garish" phon="!ge@-rIS" >garish</w> 
<w pos="NN" lemma="Virgin" phon="!v3:-dZIn" >Virgin</w> </l>
<l n="14">
<w pos="DT" lemma="A" phon="@" >A</w> 
<w pos="JJ" lemma="shawled" phon="!sO:ld" >shawled</w> 
<w pos="NN" lemma="factory-woman" phon="" >factory-woman</w> 
<w pos="IN" lemma="a" phon="@z" >as</w> 
<w pos="IN" lemma="if" phon="!If" >if</w> 
<w pos="VBN" lemma="shipwreck" phon="!SIp-rekt" >shipwrecked</w> 
<w pos="EX" lemma="there" phon="!De@" >there</w> </l>
<l n="15">
<w pos="VBZ" lemma="Lies" phon="!laIz" >Lies</w> 
<w pos="DT" lemma="a" phon="@" >a</w> 
<w pos="NN" lemma="bunch" phon="!bVntS" >bunch</w> 
<w pos="IN" lemma="of" phon="Qv" >of</w> 
<w pos="NNS" lemma="limb" phon="!lImz" >limbs</w> 
<w pos="VBN" lemma="glimpse" phon="!glImpst" >glimpsed</w> 
<w pos="IN" lemma="in" phon="In" >in</w> 
<w pos="DT" lemma="the" phon="D@" >the</w> 
<w pos="NN" lemma="cave" phon="!keIv" >cave</w> 
<w pos="IN" lemma="of" phon="Qv" >of</w> 
<w pos="NN" lemma="gloom" phon="!glu:m" >gloom</w> </l>
<l n="16"><w pos="IN" lemma="By" phon="!baI" >By</w> 
<w pos="PRP" lemma="u" phon="!Vs" >us</w> 
<w pos="WP" lemma="who" phon="!hu:" >who</w> 
<w pos="VBP" lemma="walk" phon="!wO:k" >walk</w> 
<w pos="IN" lemma="in" phon="In" >in</w> 
<w pos="DT" lemma="the" phon="D@" >the</w> 
<w pos="NN" lemma="street" phon="!stri:t" >street</w> 
<w pos="RB" lemma="so" phon="!s@U" >so</w> 
<w pos="RB" lemma="buoyantly" phon="!boI-@nt-lI" >buoyantly</w> 
<w pos="CC" lemma="and" phon="@n" >and</w> 
<w pos="NN" lemma="glib" phon="!glIb" >glib</w>.</l></lg>
<lg n="s5">
<l n="17">
<w pos="IN" lemma="Over" phon="!%@U-v@" >Over</w> 
<w pos="WDT" lemma="which" phon="!wItS" >which</w> 
<w pos="NN" lemma="country" phon="!kVn-trI" >country</w> 
<w pos="IN" lemma="of" phon="Qv" >of</w> 
<w pos="JJ" lemma="cowled" phon="!kaUld" >cowled</w> 
<w pos="CC" lemma="and" phon="@n" >and</w> 
<w pos="VBD" lemma="haunt" phon="!hO:n-tId" >haunted</w> 
<w pos="VBZ" lemma="face" phon="!feI-sIz" >faces</w> </l>
<l n="18">
<w pos="DT" lemma="The" phon="D@" >The</w> 
<w pos="NN" lemma="sun" phon="!sVn" >sun</w> 
<w pos="VBZ" lemma="go" phon="!g@Uz" >goes</w> 
<w pos="RB" lemma="down" phon="!daUn" >down</w> 
<w pos="IN" lemma="with" phon="!wID" >with</w> 
<w pos="DT" lemma="a" phon="@" >a</w> 
<w pos="NN" lemma="banging" phon="!b{-NIN" >banging</w> 
<w pos="IN" lemma="of" phon="Qv" >of</w> 
<w pos="NNP" lemma="Orange" phon="!Q-rQnDz" >Orange</w> 
<w pos="NNS" lemma="drum" phon="!drVmz" >drums</w> </l>
<l n="19">
<w pos="IN" lemma="While" phon="!waIl" >While</w> 
<w pos="DT" lemma="the" phon="D@" >the</w> 
<w pos="NN" lemma="male" phon="!meIl" >male</w> 
<w pos="NN" lemma="kind" phon="!kaInd" >kind</w> 
<w pos="NNS" lemma="murder" phon="!m3:-d@z" >murders</w> 
<w pos="DT" lemma="each" phon="!itS" >each</w> 
<w pos="PRP$" lemma="it" phon="Its" >its</w> 
<w pos="NN" lemma="woman" phon="!wQ-m@n" >woman</w> </l>
<l n="20"><w pos="TO" lemma="To" phon="t@" >To</w> 
<w pos="WP$" lemma="whose" phon="!hu:z" >whose</w> 
<w pos="NN" lemma="prayer" phon="!preI-@" >prayer</w> 
<w pos="IN" lemma="for" phon="fQ" >for</w> 
<w pos="NN" lemma="oblivion" phon="@-!blI-vI@n" >oblivion</w> 
<w pos="NNS" lemma="answer" phon="!a:n-s@z" >answers</w> 
<w pos="DT" lemma="no" phon="!n@U" >no</w> 
<w pos="NNP" lemma="Madonna" phon="m@-!dQ-n@" >Madonna</w>.</l>
</lg></body>
		   </text>
		</TEI>
		