<?xml version="1.0" encoding="UTF-8"?>
<?xml-model href="http://www.tei-c.org/release/xml/tei/custom/schema/relaxng/tei_all.rng" type="application/xml" schematypens="http://relaxng.org/ns/structure/1.0"?>
<?xml-model href="http://www.tei-c.org/release/xml/tei/custom/schema/relaxng/tei_all.rng" type="application/xml"
	schematypens="http://purl.oclc.org/dsdl/schematron"?>
<TEI xmlns="http://www.tei-c.org/ns/1.0">
  <teiHeader>
      <fileDesc>
         <titleStmt>
            <title>Title</title>
         </titleStmt>
         <publicationStmt>
            <p>Publication Information</p>
         </publicationStmt>
         <sourceDesc>
            <p>Information about the source</p>
         </sourceDesc>
      </fileDesc>
  </teiHeader><text>
      <body><head><title>BUDGIE</title></head>
<lg n="s1">
<l n="1"><w pos="DT" lemma="The" phon="D@" >The</w> 
<w pos="NN" lemma="budgerigar" phon="!bV-dZ@-rI-ga:" >budgerigar</w> 
<w pos="VBZ" lemma="be" phon="!Iz" >is</w> 
<w pos="JJ" lemma="baby" phon="!beI-bI" >baby</w> 
<w pos="NN" lemma="blue" phon="!blu:" >blue</w>,</l>
<l n="2"><w pos="PRP$" lemma="Its" phon="Its" >Its</w> 
<w pos="NN" lemma="mirror" phon="!mI-r@" >mirror</w> 
<w pos="VBZ" lemma="be" phon="!Iz" >is</w> 
<w pos="VBN" lemma="rim" phon="!rImd" >rimmed</w> 
<w pos="IN" lemma="with" phon="!wID" >with</w> 
<w pos="NN" lemma="baby" phon="!beI-bI" >baby</w> 
<w pos="NN" lemma="pink" phon="pINk" >pink</w>,</l>
<l n="3"><w pos="PRP$" lemma="Its" phon="Its" >Its</w> 
<w pos="NN" lemma="cage" phon="!keIdZ" >cage</w> 
<w pos="VBZ" lemma="be" phon="!Iz" >is</w> 
<w pos="DT" lemma="a" phon="@" >a</w> 
<w pos="NN" lemma="stage" phon="!steIdZ" >stage</w>,
<w pos="PRP$" lemma="it" phon="Its" >its</w> 
<w pos="NNS" lemma="perk" phon="!p3:ks" >perks</w> 
<w pos="VBP" lemma="be" phon="a:" >are</w> 
<w pos="NNS" lemma="prop" phon="!prQps" >props</w>,</l>
<l n="4"><w pos="PRP$" lemma="Its" phon="Its" >Its</w> 
<w pos="NNS" lemma="eye" phon="!aIz" >eyes</w> 
<w pos="JJ" lemma="black" phon="!bl{k" >black</w> 
<w pos="NNS" lemma="pin" phon="!pInz" >pins</w> 
<w pos="IN" lemma="in" phon="In" >in</w> 
<w pos="DT" lemma="a" phon="@" >a</w> 
<w pos="NN" lemma="cushionette" phon="!ku:-S@-net " >cushionette</w>?</l>
<l n="5"><w pos="PRP$" lemma="Its" phon="Its" >Its</w> 
<w pos="NN" lemma="tail" phon="!teIl" >tail</w> 
<w pos="DT" lemma="a" phon="@" >a</w> 
<w pos="NN" lemma="needle" phon="!ni:-d@l" >needle</w> 
<w pos="IN" lemma="on" phon="Qn" >on</w> 
<w pos="DT" lemma="a" phon="@" >a</w> 
<w pos="VBG" lemma="miss" phon="!mI-sIN " >missing</w> 
<w pos="NN" lemma="disc" phon="!dIsk" >disc</w>,</l>
<l n="6"><w pos="PRP$" lemma="Its" phon="Its" >Its</w> 
<w pos="NN" lemma="voice" phon="!voIs" >voice</w> 
<w pos="DT" lemma="a" phon="@" >a</w> 
<w pos="JJ" lemma="small" phon="!smQl" >small</w> 
<w pos="PRP" lemma="I" phon="aI" >I</w> 
<w pos="VBP" lemma="Am" phon="!{m" >Am</w>.
<w pos="NN" lemma="Beyond" phon="bI-!jQnd" >Beyond</w> </l>
<l n="7">
<w pos="DT" lemma="These" phon="!Di:z" >These</w> 
<w pos="NNS" lemma="wire" phon="!waI-@z" >wires</w> 
<w pos="EX" lemma="there" phon="!De@" >there</w> 
<w pos="MD" lemma="might" phon="!maIt" >might</w> 
<w pos="VB" lemma="be" phon="bi:" >be</w> 
<w pos="NN" lemma="something" phon="!sVm-TIN" >something</w> 
<w pos="JJ" lemma="different" phon="!dI-fr@nt" >different</w> </l>
<l n="8"><w pos="NNP" lemma="Galaxy" phon="!g{-l@k-sI" >Galaxy</w> 
<w pos="IN" lemma="on" phon="Qn" >on</w> 
<w pos="NN" lemma="galaxy" phon="!g{-l@k-sI" >galaxy</w>,
<w pos="NN" lemma="star" phon="!sta:" >star</w> 
<w pos="IN" lemma="on" phon="Qn" >on</w> 
<w pos="NN" lemma="star" phon="!sta:" >star</w>,</l>
<l n="9"><w pos="NN" lemma="Planet" phon="!pl{-nIt" >Planet</w> 
<w pos="IN" lemma="on" phon="Qn" >on</w> 
<w pos="NN" lemma="planet" phon="!pl{-nIt" >planet</w>,
<w pos="NN" lemma="asteroid" phon="!{s-t@-roId" >asteroid</w> 
<w pos="IN" lemma="on" phon="Qn" >on</w> 
<w pos="NN" lemma="asteroid" phon="!{s-t@-roId" >asteroid</w>,</l>
<l n="10">
<w pos="CC" lemma="Or" phon="Q" >Or</w> 
<w pos="RB" lemma="even" phon="!i:-v@n" >even</w> 
<w pos="DT" lemma="those" phon="!D@Uz" >those</w> 
<w pos="CD" lemma="four" phon="!fO:" >four</w> 
<w pos="RB" lemma="far" phon="!fa:" >far</w> 
<w pos="NNS" lemma="wall" phon="!wO:lz" >walls</w> 
<w pos="IN" lemma="of" phon="Qv" >of</w> 
<w pos="DT" lemma="the" phon="D@" >the</w> 
<w pos="NN" lemma="sitting" phon="!sI-tIN" >sitting</w> 
<w pos="NN" lemma="room" phon="!ru:m" >room</w> </l>
<l n="11">
<w pos="CC" lemma="But" phon="!bVt" >But</w> 
<w pos="IN" lemma="for" phon="fQ" >for</w> 
<w pos="PDT" lemma="all" phon="O:l" >all</w> 
<w pos="DT" lemma="this" phon="!DIs" >this</w> 
<w pos="JJ" lemma="small" phon="!smQl" >small</w> 
<w pos="NN" lemma="blue" phon="!blu:" >blue</w> 
<w pos="NN" lemma="bundle" phon="!bVn-d@l" >bundle</w> 
<w pos="MD" lemma="could" phon="!kUd" >could</w> 
<w pos="VB" lemma="bother" phon="!bQ-D@" >bother</w> </l>
<l n="12"><w pos="PRP$" lemma="Its" phon="Its" >Its</w> 
<w pos="NN" lemma="beak" phon="!bi:k" >beak</w>,
<w pos="EX" lemma="there" phon="!De@" >there</w> 
<w pos="VBZ" lemma="be" phon="!Iz" >is</w> 
<w pos="RB" lemma="only" phon="!@Un-lI" >only</w> 
<w pos="PRP" lemma="itself" phon="It-!self" >itself</w> 
<w pos="CC" lemma="and" phon="@n" >and</w> 
<w pos="DT" lemma="the" phon="D@" >the</w> 
<w pos="NN" lemma="universe" phon="!ju-nI-v3:s" >universe</w>,</l>
<l n="13"><w pos="DT" lemma="The" phon="D@" >The</w> 
<w pos="JJ" lemma="small" phon="!smQl" >small</w> 
<w pos="JJ" lemma="blue" phon="!blu:" >blue</w> 
<w pos="NN" lemma="universe" phon="!ju-nI-v3:s" >universe</w>,
<w pos="RB" lemma="so" phon="!s@U" >so</w> 
<w pos="VB" lemma="Let" phon="!let" >Let</w> 
<w pos="PRP" lemma="me" phon="!mi:" >me</w> 
<w pos="VB" lemma="attitudinise^" phon="" >attitudinise^</w> </l>
<l n="14"><w pos="VB" lemma="Let" phon="!let" >Let</w> 
<w pos="PRP" lemma="me" phon="!mi:" >me</w> 
<w pos="VB" lemma="attitudinise" phon="!{-tI-%tju:-dI-naiz " >attitudinise</w>!
<w pos="VB" lemma="let" phon="!let" >let</w> 
<w pos="PRP" lemma="me" phon="!mi:" >me</w> 
<w pos="VB" lemma="attitudinise" phon="!{-tI-%tju:-dI-naiz " >attitudinise</w>!</l></lg>
<lg n="s2">
<l n="15">
<w pos="IN" lemma="For" phon="fQ" >For</w> 
<w pos="PDT" lemma="all" phon="O:l" >all</w> 
<w pos="DT" lemma="the" phon="D@" >the</w> 
<w pos="NN" lemma="world" phon="!w3:ld" >world</w> 
<w pos="VBZ" lemma="be" phon="!Iz" >is</w> 
<w pos="DT" lemma="a" phon="@" >a</w> 
<w pos="NN" lemma="stage" phon="!steIdZ" >stage</w> 
<w pos="VBZ" lemma="be" phon="!Iz" >is</w> 
<w pos="DT" lemma="a" phon="@" >a</w> 
<w pos="NN" lemma="cage" phon="!keIdZ" >cage</w> </l>
<l n="16">
<w pos="DT" lemma="A" phon="@" >A</w> 
<w pos="NN" lemma="hermitage" phon="!h3:-mI-ta:dZ" >hermitage</w> 
<w pos="DT" lemma="a" phon="@" >a</w> 
<w pos="NN" lemma="fashion" phon="!f{-S@n" >fashion</w> 
<w pos="NN" lemma="show" phon="!S@U" >show</w> 
<w pos="DT" lemma="a" phon="@" >a</w> 
<w pos="NN" lemma="creche" phon="!kreS " >creche</w> 
<w pos="DT" lemma="an" phon="@n" >an</w> 
<w pos="NN" lemma="auditorium" phon="Q-dI-!tO:-rI@m" >auditorium</w> </l>
<l n="17"><w pos="CC" lemma="Or" phon="Q" >Or</w> 
<w pos="RB" lemma="possibly" phon="!pQ-s@-blI" >possibly</w> 
<w pos="DT" lemma="a" phon="@" >a</w> 
<w pos="NN" lemma="space" phon="!speIs" >space</w> 
<w pos="NN" lemma="ship" phon="!SIp" >ship</w>.
<w pos="NN" lemma="Earth" phon="!3:T" >Earth</w>,
<w pos="MD" lemma="can" phon="!k{n" >can</w> 
<w pos="PRP" lemma="you" phon="ju:" >you</w> 
<w pos="VB" lemma="hear" phon="!hI@" >hear</w> 
<w pos="PRP" lemma="me" phon="!mi:" >me</w>?</l>
<l n="18"><w pos="NNP" lemma="Blue" phon="!blu:" >Blue</w> 
<w pos="IN" lemma="for" phon="fQ" >for</w> 
<w pos="NNP" lemma="Budgie" phon="!bV-dZI" >Budgie</w> 
<w pos="VBG" lemma="call" phon="!kO:-lIN" >calling</w> 
<w pos="NNP" lemma="Me" phon="!mi:" >Me</w> 
<w pos="IN" lemma="for" phon="fQ" >for</w> 
<w pos="NNP" lemma="Mirror" phon="!mI-r@" >Mirror</w>:</l>
<l n="19"><w pos="IN" lemma="Budgie" phon="!bV-dZI" >Budgie</w>!
<w pos="MD" lemma="can" phon="!k{n" >can</w> 
<w pos="PRP" lemma="you" phon="ju:" >you</w> 
<w pos="VB" lemma="hear" phon="!hI@" >hear</w> 
<w pos="PRP" lemma="me" phon="!mi:" >me</w>?
<w pos="DT" lemma="The" phon="D@" >The</w> 
<w pos="JJ" lemma="long" phon="!lQN" >long</w> 
<w pos="NN" lemma="tail" phon="!teIl" >tail</w> 
<w pos="NNS" lemma="oscillates" phon="%Q-sI-!leIts" >oscillates</w>,</l>
<l n="20"><w pos="DT" lemma="The" phon="D@" >The</w> 
<w pos="NN" lemma="mirror" phon="!mI-r@" >mirror</w> 
<w pos="NN" lemma="jerk" phon="!dZ3:ks" >jerks</w> 
<w pos="IN" lemma="in" phon="In" >in</w> 
<w pos="DT" lemma="the" phon="D@" >the</w> 
<w pos="JJ" lemma="weightless" phon="!weIt-l@s" >weightless</w> 
<w pos="NN" lemma="cage" phon="!keIdZ" >cage</w>:</l>
<l n="21"><w pos="IN" lemma="Budgie" phon="!bV-dZI" >Budgie</w>!
<w pos="MD" lemma="can" phon="!k{n" >can</w> 
<w pos="PRP" lemma="you" phon="ju:" >you</w> 
<w pos="VB" lemma="see" phon="si:" >see</w> 
<w pos="PRP" lemma="me" phon="!mi:" >me</w>?
<w pos="DT" lemma="The" phon="D@" >The</w> 
<w pos="NN" lemma="radio" phon="!reI-dI-@U" >radio</w> 
<w pos="NN" lemma="telescope" phon="!te-lIs-%k@Up" >telescope</w> </l>
<l n="22"><w pos="NNP" lemma="Picks" phon="!pIks" >Picks</w> 
<w pos="RP" lemma="up" phon="!Vp" >up</w> 
<w pos="DT" lemma="a" phon="@" >a</w> 
<w pos="RB" lemma="quite" phon="!kwaIt" >quite</w> 
<w pos="JJ" lemma="different" phon="!dI-fr@nt" >different</w> 
<w pos="NN" lemma="signal" phon="!sIg-nL" >signal</w>,
<w pos="DT" lemma="the" phon="D@" >the</w> 
<w pos="JJ" lemma="human" phon="!hju-m@n" >human</w> </l>
<l n="23"><w pos="NNP" lemma="Race" phon="!reIs" >Race</w> 
<w pos="NNS" lemma="recedes" phon="rI-!si:dz" >recedes</w> 
<w pos="CC" lemma="and" phon="@n" >and</w> 
<w pos="NNS" lemma="dwindles" phon="!dwIn-dlz" >dwindles</w>,
<w pos="DT" lemma="the" phon="D@" >the</w> 
<w pos="NN" lemma="giant" phon="!dZaI-@nt " >giant</w> </l>
<l n="24"><w pos="NNS" lemma="Reptiles" phon="!rep-taIlz" >Reptiles</w> 
<w pos="VBP" lemma="cackle" phon="!k{-kl" >cackle</w> 
<w pos="IN" lemma="in" phon="In" >in</w> 
<w pos="PRP$" lemma="their" phon="!De@" >their</w> 
<w pos="NNS" lemma="graf" phon="!greIvz" >graves</w>,
<w pos="DT" lemma="the" phon="D@" >the</w> 
<w pos="NN" lemma="mountain" phon="!maUn-tIn" >mountain</w> </l>
<l n="25"><w pos="NNP" lemma="Gorillas" phon="!g@-rI-l@z " >Gorillas</w> 
<w pos="VBP" lemma="exchange" phon="Iks-!tSeIndZ" >exchange</w> 
<w pos="PRP$" lemma="their" phon="!De@" >their</w> 
<w pos="JJ" lemma="final" phon="!faI-nL" >final</w> 
<w pos="NNS" lemma="message" phon="!me-sI-dZIz" >messages</w>,</l>
<l n="26"><w pos="CC" lemma="But" phon="!bVt" >But</w> 
<w pos="DT" lemma="the" phon="D@" >the</w> 
<w pos="NN" lemma="budgerigar" phon="!bV-dZ@-rI-ga:" >budgerigar</w> 
<w pos="VBD" lemma="be" phon="wQz" >was</w> 
<w pos="RB" lemma="not" phon="!nQt" >not</w> 
<w pos="VBN" lemma="bear" phon="!bO:n" >born</w> 
<w pos="IN" lemma="for" phon="fQ" >for</w> 
<w pos="NN" lemma="nothing" phon="!nV-TIN" >nothing</w>,</l>
<l n="27">
<w pos="PRP" lemma="He" phon="hi: " >He</w> 
<w pos="VBZ" lemma="stand" phon="!st{ndz" >stands</w> 
<w pos="IN" lemma="at" phon="{t" >at</w> 
<w pos="PRP$" lemma="his" phon="hIz" >his</w> 
<w pos="NN" lemma="post" phon="!p@Ust" >post</w> 
<w pos="IN" lemma="on" phon="Qn" >on</w> 
<w pos="DT" lemma="the" phon="D@" >the</w> 
<w pos="NN" lemma="burning" phon="!b3:-nIN" >burning</w> 
<w pos="NN" lemma="perch" phon="!p3:tS" >perch</w> </l>
<l n="28">
<w pos="PRP" lemma="I" phon="aI" >I</w> 
<w pos="VBP" lemma="twitter" phon="!twI-t@" >twitter</w> 
<w pos="NNP" lemma="Am" phon="!{m" >Am</w> 
<w pos="CC" lemma="and" phon="@n" >and</w> 
<w pos="NNS" lemma="peep" phon="!pi:ps" >peeps</w> 
<w pos="IN" lemma="like" phon="!laIk" >like</w> 
<w pos="DT" lemma="a" phon="@" >a</w> 
<w pos="NN" lemma="television" phon="%te-lI-!vI-zj@n " >television</w> </l>
<l n="29"><w pos="NNP" lemma="Actor" phon="!{k-t@" >Actor</w> 
<w pos="VBG" lemma="admire" phon="@d-!maI@-rIN" >admiring</w> 
<w pos="PRP" lemma="himself" phon="hIm-!self" >himself</w> 
<w pos="IN" lemma="in" phon="In" >in</w> 
<w pos="DT" lemma="the" phon="D@" >the</w> 
<w pos="NN" lemma="monitor" phon="!mQ-nI-t@" >monitor</w>.</l>
</lg></body>
		   </text>
		</TEI>
		