<?xml version="1.0" encoding="UTF-8"?>
<?xml-model href="http://www.tei-c.org/release/xml/tei/custom/schema/relaxng/tei_all.rng" type="application/xml" schematypens="http://relaxng.org/ns/structure/1.0"?>
<?xml-model href="http://www.tei-c.org/release/xml/tei/custom/schema/relaxng/tei_all.rng" type="application/xml"
	schematypens="http://purl.oclc.org/dsdl/schematron"?>
<TEI xmlns="http://www.tei-c.org/ns/1.0">
  <teiHeader>
      <fileDesc>
         <titleStmt>
            <title>Title</title>
         </titleStmt>
         <publicationStmt>
            <p>Publication Information</p>
         </publicationStmt>
         <sourceDesc>
            <p>Information about the source</p>
         </sourceDesc>
      </fileDesc>
  </teiHeader><text>
      <body><head><title>BYZANTIUM</title></head>
<lg n="s1">
<l n="1"><w pos="DT" lemma="THE" phon="D@" >THE</w> 
<w pos="JJ" lemma="unpurged" phon="" >unpurged</w> 
<w pos="NNS" lemma="image" phon="!I-mI-dZIz" >images</w> 
<w pos="IN" lemma="of" phon="Qv" >of</w> 
<w pos="NN" lemma="day" phon="!deI" >day</w> 
<w pos="NN" lemma="recede" phon="ri-!sid" >recede</w>;</l>
<l n="2"><w pos="DT" lemma="The" phon="D@" >The</w> 
<w pos="NNP" lemma="Emperor" phon="!em-p@-r@" >Emperor</w> 
<w pos="POS" lemma="'s" phon="" >'s</w> 
<w pos="JJ" lemma="drunken" phon="!drVN-k@n" >drunken</w> 
<w pos="NN" lemma="soldiery" phon="!s@Ul-dZ@-rI" >soldiery</w> 
<w pos="VBP" lemma="be" phon="a:" >are</w> 
<w pos="VBN" lemma="abed" phon="@-!bed" >abed</w>;</l>
<l n="3"><w pos="NNP" lemma="Night" phon="!naIt" >Night</w> 
<w pos="NN" lemma="resonance" phon="!re-z@-%N@ns" >resonance</w> 
<w pos="NNS" lemma="recedes" phon="rI-!si:dz" >recedes</w>,
<w pos="NN" lemma="night" phon="!naIt" >night</w> 
<w pos="NNS" lemma="walker" phon="!wQ-k@z" >walkers</w>'
<w pos="NN" lemma="song" phon="!sQN" >song</w> </l>
<l n="4"><w pos="IN" lemma="After" phon="!a:f-t@" >After</w> 
<w pos="JJ" lemma="great" phon="!greIt
" >great</w> 
<w pos="JJ" lemma="cathedral" phon="k@-Ti:-dr@l " >cathedral</w> 
<w pos="NN" lemma="gong" phon="!gQN " >gong</w>;</l>
<l n="5">
<w pos="DT" lemma="A" phon="@" >A</w> 
<w pos="NN" lemma="starlit" phon="!sta:-lIt" >starlit</w> 
<w pos="CC" lemma="or" phon="Q" >or</w> 
<w pos="DT" lemma="a" phon="@" >a</w> 
<w pos="JJ" lemma="moonlit" phon="mun-lIt" >moonlit</w> 
<w pos="NN" lemma="dome" phon="!d@Um" >dome</w> 
<w pos="NNS" lemma="disdain" phon="dIs-!deI-nz" >disdains</w> </l>
<l n="6"><w pos="PDT" lemma="All" phon="O:l" >All</w> 
<w pos="DT" lemma="that" phon="!D{t" >that</w> 
<w pos="NN" lemma="man" phon="!m{n" >man</w> 
<w pos="VBZ" lemma="be" phon="!Iz" >is</w>,</l>
<l n="7"><w pos="DT" lemma="All" phon="O:l" >All</w> 
<w pos="JJ" lemma="mere" phon="!mI@" >mere</w> 
<w pos="NNS" lemma="complexity" phon="k@m-!p-le-k-sI-tIz" >complexities</w>,</l>
<l n="8"><w pos="DT" lemma="The" phon="D@" >The</w> 
<w pos="NN" lemma="fury" phon="!fjU@-rI" >fury</w> 
<w pos="CC" lemma="and" phon="@n" >and</w> 
<w pos="DT" lemma="the" phon="D@" >the</w> 
<w pos="NN" lemma="mire" phon="!m-aI-@" >mire</w> 
<w pos="IN" lemma="of" phon="Qv" >of</w> 
<w pos="JJ" lemma="human" phon="!hju-m@n" >human</w> 
<w pos="NNS" lemma="vein" phon="!veInz" >veins</w>.</l>
<l n="9"><w pos="IN" lemma="Before" phon="bI-!fO:" >Before</w> 
<w pos="PRP" lemma="me" phon="!mi:" >me</w> 
<w pos="VBZ" lemma="float" phon="f-l@U-ts" >floats</w> 
<w pos="DT" lemma="an" phon="@n" >an</w> 
<w pos="NN" lemma="image" phon="!I-mIdZ" >image</w>,
<w pos="NN" lemma="man" phon="!m{n" >man</w> 
<w pos="CC" lemma="or" phon="Q" >or</w> 
<w pos="NN" lemma="shade" phon="!SeId" >shade</w>,</l>
<l n="10"><w pos="NNP" lemma="Shade" phon="!SeId" >Shade</w> 
<w pos="JJR" lemma="more" phon="!mO:" >more</w> 
<w pos="IN" lemma="than" phon="!D{n" >than</w> 
<w pos="NN" lemma="man" phon="!m{n" >man</w>,
<w pos="JJR" lemma="more" phon="!mO:" >more</w> 
<w pos="NN" lemma="image" phon="!I-mIdZ" >image</w> 
<w pos="IN" lemma="than" phon="!D{n" >than</w> 
<w pos="DT" lemma="a" phon="@" >a</w> 
<w pos="NN" lemma="shade" phon="!SeId" >shade</w>;</l>
<l n="11"><w pos="IN" lemma="For" phon="fQ" >For</w> 
<w pos="NNP" lemma="Hades" phon="!heI-diz" >Hades</w>'
<w pos="NN" lemma="bobbin" phon="!bQ-bIn" >bobbin</w> 
<w pos="NN" lemma="bound" phon="!baUnd" >bound</w> 
<w pos="IN" lemma="in" phon="In" >in</w> 
<w pos="NN" lemma="mummy-cloth" phon="" >mummy-cloth</w> </l>
<l n="12"><w pos="NNP" lemma="May" phon="!meI" >May</w> 
<w pos="IN" lemma="unwind" phon="Vn-!w-aI-nd" >unwind</w> 
<w pos="DT" lemma="the" phon="D@" >the</w> 
<w pos="JJ" lemma="winding" phon="!waIn-dIN" >winding</w> 
<w pos="NN" lemma="path" phon="!pa:T" >path</w>;</l>
<l n="13">
<w pos="DT" lemma="A" phon="@" >A</w> 
<w pos="NN" lemma="mouth" phon="!maUD" >mouth</w> 
<w pos="WDT" lemma="that" phon="!D{t" >that</w> 
<w pos="VBZ" lemma="have" phon="h{z" >has</w> 
<w pos="DT" lemma="no" phon="!n@U" >no</w> 
<w pos="NN" lemma="moisture" phon="!m-oIs-tS@" >moisture</w> 
<w pos="CC" lemma="and" phon="@n" >and</w> 
<w pos="DT" lemma="no" phon="!n@U" >no</w> 
<w pos="NN" lemma="breath" phon="!breT" >breath</w> </l>
<l n="14"><w pos="NNP" lemma="Breathless" phon="!breT-l@s" >Breathless</w> 
<w pos="NNS" lemma="mouth" phon="!maUDz" >mouths</w> 
<w pos="MD" lemma="may" phon="!meI" >may</w> 
<w pos="VB" lemma="summon" phon="!sV-m@n" >summon</w>;</l>
<l n="15"><w pos="PRP" lemma="I" phon="aI" >I</w> 
<w pos="VBP" lemma="hail" phon="!heIl" >hail</w> 
<w pos="DT" lemma="the" phon="D@" >the</w> 
<w pos="NN" lemma="superhuman" phon="sju-p@-!h-ju-m@n" >superhuman</w>;</l>
<l n="16"><w pos="PRP" lemma="I" phon="aI" >I</w> 
<w pos="VBP" lemma="call" phon="!kO:l" >call</w> 
<w pos="PRP" lemma="it" phon="It" >it</w> 
<w pos="JJ" lemma="death-in-life" phon="" >death-in-life</w> 
<w pos="CC" lemma="and" phon="@n" >and</w> 
<w pos="NN" lemma="life-in-death" phon="" >life-in-death</w>.</l>
<l n="17"><w pos="NNP" lemma="Miracle" phon="!mI-r@-kl" >Miracle</w>,
<w pos="NN" lemma="bird" phon="b3:d" >bird</w> 
<w pos="CC" lemma="or" phon="Q" >or</w> 
<w pos="JJ" lemma="golden" phon="!g@Ul-d@n" >golden</w> 
<w pos="NN" lemma="handiwork" phon="h{ndI-w3k" >handiwork</w>,</l>
<l n="18"><w pos="RBR" lemma="More" phon="!mO:" >More</w> 
<w pos="NNS" lemma="miraclc" phon="" >miraclc</w> 
<w pos="IN" lemma="than" phon="!D{n" >than</w> 
<w pos="NN" lemma="bird" phon="b3:d" >bird</w> 
<w pos="CC" lemma="or" phon="Q" >or</w> 
<w pos="NN" lemma="handiwork" phon="h{ndI-w3k" >handiwork</w>,</l>
<l n="19"><w pos="VBN" lemma="Planted" phon="!pla:n-tId" >Planted</w> 
<w pos="IN" lemma="on" phon="Qn" >on</w> 
<w pos="DT" lemma="the" phon="D@" >the</w> 
<w pos="JJ" lemma="star-lit" phon="" >star-lit</w> 
<w pos="JJ" lemma="golden" phon="!g@Ul-d@n" >golden</w> 
<w pos="NN" lemma="bough" phon="!baU" >bough</w>,</l>
<l n="20"><w pos="MD" lemma="Can" phon="!k{n" >Can</w> 
<w pos="VB" lemma="like" phon="!laIk" >like</w> 
<w pos="DT" lemma="the" phon="D@" >the</w> 
<w pos="NNS" lemma="cock" phon="kQ-ks" >cocks</w> 
<w pos="IN" lemma="of" phon="Qv" >of</w> 
<w pos="NNP" lemma="Hades" phon="!heI-diz" >Hades</w> 
<w pos="NN" lemma="crow" phon="!kr@U" >crow</w>,</l>
<l n="21"><w pos="CC" lemma="Or" phon="Q" >Or</w>,
<w pos="IN" lemma="by" phon="!baI" >by</w> 
<w pos="DT" lemma="the" phon="D@" >the</w> 
<w pos="NN" lemma="moon" phon="!mu:n" >moon</w> 
<w pos="VBD" lemma="embitter" phon="Im-!bI-t@d" >embittered</w>,
<w pos="JJ" lemma="scorn" phon="!skO:n" >scorn</w> 
<w pos="NN" lemma="aloud" phon="@-!l-aUd" >aloud</w> </l>
<l n="22">
<w pos="IN" lemma="In" phon="In" >In</w> 
<w pos="NN" lemma="glory" phon="!glO:-rI" >glory</w> 
<w pos="IN" lemma="of" phon="Qv" >of</w> 
<w pos="NN" lemma="changeless" phon="!tSeIndZ-l@s" >changeless</w> 
<w pos="NN" lemma="metal" phon="!me-tl" >metal</w> </l>
<l n="23">
<w pos="JJ" lemma="Common" phon="!kQ-m@n" >Common</w> 
<w pos="NN" lemma="bird" phon="b3:d" >bird</w> 
<w pos="CC" lemma="or" phon="Q" >or</w> 
<w pos="NN" lemma="petal" phon="!pe-t@l" >petal</w> </l>
<l n="24"><w pos="CC" lemma="And" phon="@n" >And</w> 
<w pos="DT" lemma="all" phon="O:l" >all</w> 
<w pos="NNS" lemma="complexity" phon="k@m-!p-le-k-sI-tIz" >complexities</w> 
<w pos="IN" lemma="of" phon="Qv" >of</w> 
<w pos="NN" lemma="mire" phon="!m-aI-@" >mire</w> 
<w pos="CC" lemma="or" phon="Q" >or</w> 
<w pos="NN" lemma="blood" phon="!blVd" >blood</w>.</l>
<l n="25">
<w pos="IN" lemma="At" phon="{t" >At</w> 
<w pos="NN" lemma="midnight" phon="!mId-naIt" >midnight</w> 
<w pos="IN" lemma="on" phon="Qn" >on</w> 
<w pos="DT" lemma="the" phon="D@" >the</w> 
<w pos="NNP" lemma="Emperor" phon="!em-p@-r@" >Emperor</w> 
<w pos="POS" lemma="'s" phon="" >'s</w> 
<w pos="NN" lemma="pavement" phon="!peIv-m@nt" >pavement</w> 
<w pos="NN" lemma="flit" phon="f-lIt" >flit</w> </l>
<l n="26"><w pos="NNS" lemma="Flames" phon="!fleImz" >Flames</w> 
<w pos="WDT" lemma="that" phon="!D{t" >that</w> 
<w pos="DT" lemma="no" phon="!n@U" >no</w> 
<w pos="NN" lemma="faggot" phon="!f{-g@t" >faggot</w> 
<w pos="NNS" lemma="feed" phon="fi-dz" >feeds</w>,
<w pos="CC" lemma="nor" phon="nO:" >nor</w> 
<w pos="NN" lemma="steel" phon="!sti:l" >steel</w> 
<w pos="VBZ" lemma="have" phon="h{z" >has</w> 
<w pos="VBN" lemma="light" phon="lIt" >lit</w>,</l>
<l n="27"><w pos="CC" lemma="Nor" phon="nO:" >Nor</w> 
<w pos="NN" lemma="storm" phon="!stO:m" >storm</w> 
<w pos="NN" lemma="disturbs" phon="dI-!s-t3-bz" >disturbs</w>,
<w pos="RB" lemma="flames" phon="!fleImz" >flames</w> 
<w pos="NN" lemma="begotten" phon="bI-gQ-tn" >begotten</w> 
<w pos="IN" lemma="of" phon="Qv" >of</w> 
<w pos="NN" lemma="flame" phon="!fleIm" >flame</w>,</l>
<l n="28">
<w pos="WRB" lemma="Where" phon="!we@" >Where</w> 
<w pos="JJ" lemma="blood-begotten" phon="" >blood-begotten</w> 
<w pos="NNS" lemma="spirit" phon="!spI-rIts" >spirits</w> 
<w pos="VBP" lemma="come" phon="!kVm" >come</w> </l>
<l n="29"><w pos="CC" lemma="And" phon="@n" >And</w> 
<w pos="DT" lemma="all" phon="O:l" >all</w> 
<w pos="NNS" lemma="complexity" phon="k@m-!p-le-k-sI-tIz" >complexities</w> 
<w pos="IN" lemma="of" phon="Qv" >of</w> 
<w pos="NN" lemma="fury" phon="!fjU@-rI" >fury</w> 
<w pos="VBP" lemma="leave" phon="!li:v" >leave</w>,</l>
<l n="30"><w pos="VBG" lemma="Dying" phon="!daI-IN" >Dying</w> 
<w pos="IN" lemma="into" phon="!In-tU" >into</w> 
<w pos="DT" lemma="a" phon="@" >a</w> 
<w pos="NN" lemma="dance" phon="!da:ns" >dance</w>,</l>
<l n="31"><w pos="DT" lemma="An" phon="@n" >An</w> 
<w pos="NN" lemma="agony" phon="!{-g@-nI" >agony</w> 
<w pos="IN" lemma="of" phon="Qv" >of</w> 
<w pos="NN" lemma="trance" phon="!tra:ns" >trance</w>,</l>
<l n="32"><w pos="DT" lemma="An" phon="@n" >An</w> 
<w pos="NN" lemma="agony" phon="!{-g@-nI" >agony</w> 
<w pos="IN" lemma="of" phon="Qv" >of</w> 
<w pos="NN" lemma="flame" phon="!fleIm" >flame</w> 
<w pos="WDT" lemma="that" phon="!D{t" >that</w> 
<w pos="MD" lemma="can" phon="!k{n" >can</w> 
<w pos="RB" lemma="not" phon="!nQt" >not</w> 
<w pos="VB" lemma="singe" phon="!sIndZ" >singe</w> 
<w pos="DT" lemma="a" phon="@" >a</w> 
<w pos="NN" lemma="sleeve" phon="!sli:v" >sleeve</w>.</l>
<l n="33"><w pos="NNP" lemma="Astraddle" phon="" >Astraddle</w> 
<w pos="IN" lemma="on" phon="Qn" >on</w> 
<w pos="DT" lemma="the" phon="D@" >the</w> 
<w pos="NN" lemma="dolphin" phon="!dQl-fIn" >dolphin</w> 
<w pos="POS" lemma="'s" phon="" >'s</w> 
<w pos="NN" lemma="mire" phon="!m-aI-@" >mire</w> 
<w pos="CC" lemma="and" phon="@n" >and</w> 
<w pos="NN" lemma="blood" phon="!blVd" >blood</w>,</l>
<l n="34"><w pos="NN" lemma="Spirit" phon="!spI-rIt" >Spirit</w> 
<w pos="IN" lemma="after" phon="!a:f-t@" >after</w> 
<w pos="NN" lemma="Spirit" phon="!spI-rIt" >Spirit</w>!
<w pos="DT" lemma="The" phon="D@" >The</w> 
<w pos="NNS" lemma="smithy" phon="!s-mI-DIz" >smithies</w> 
<w pos="VBP" lemma="break" phon="!breIk" >break</w> 
<w pos="DT" lemma="the" phon="D@" >the</w> 
<w pos="NN" lemma="flood" phon="!flVd" >flood</w>.</l>
<l n="35"><w pos="DT" lemma="The" phon="D@" >The</w> 
<w pos="JJ" lemma="golden" phon="!g@Ul-d@n" >golden</w> 
<w pos="NNS" lemma="smithy" phon="!s-mI-DIz" >smithies</w> 
<w pos="IN" lemma="of" phon="Qv" >of</w> 
<w pos="DT" lemma="the" phon="D@" >the</w> 
<w pos="NN" lemma="Emperor" phon="!em-p@-r@" >Emperor</w>!</l>
<l n="36">
<w pos="NNS" lemma="Marbles" phon="!ma:-b-lz" >Marbles</w> 
<w pos="IN" lemma="of" phon="Qv" >of</w> 
<w pos="DT" lemma="the" phon="D@" >the</w> 
<w pos="NN" lemma="dancing" phon="!da:n-sIN" >dancing</w> 
<w pos="NN" lemma="floor" phon="!flO:" >floor</w> </l>
<l n="37"><w pos="NNP" lemma="Break" phon="!breIk" >Break</w> 
<w pos="JJ" lemma="bitter" phon="" >bitter</w> 
<w pos="NNS" lemma="fury" phon="!f-jU@-rIz" >furies</w> 
<w pos="IN" lemma="of" phon="Qv" >of</w> 
<w pos="NN" lemma="complexity" phon="k@m-!plek-sI-tI" >complexity</w>,</l>
<l n="38">
<w pos="DT" lemma="Those" phon="!D@Uz" >Those</w> 
<w pos="NNS" lemma="image" phon="!I-mI-dZIz" >images</w> 
<w pos="WDT" lemma="that" phon="!D{t" >that</w> 
<w pos="RB" lemma="yet" phon="!jet" >yet</w> </l>
<l n="39"><w pos="JJ" lemma="Fresh" phon="!freS" >Fresh</w> 
<w pos="NNS" lemma="image" phon="!I-mI-dZIz" >images</w> 
<w pos="VBP" lemma="beget" phon="bI-get" >beget</w>,</l>
<l n="40"><w pos="DT" lemma="That" phon="!D{t" >That</w> 
<w pos="JJ" lemma="dolphin-torn" phon="" >dolphin-torn</w>,
<w pos="IN" lemma="that" phon="!D{t" >that</w> 
<w pos="JJ" lemma="gong-tormented" phon="" >gong-tormented</w> 
<w pos="NN" lemma="sea" phon="!si:" >sea</w>.</l>
</lg></body>
		   </text>
		</TEI>
		