<?xml version="1.0" encoding="UTF-8"?>
<?xml-model href="http://www.tei-c.org/release/xml/tei/custom/schema/relaxng/tei_all.rng" type="application/xml" schematypens="http://relaxng.org/ns/structure/1.0"?>
<?xml-model href="http://www.tei-c.org/release/xml/tei/custom/schema/relaxng/tei_all.rng" type="application/xml"
	schematypens="http://purl.oclc.org/dsdl/schematron"?>
<TEI xmlns="http://www.tei-c.org/ns/1.0">
  <teiHeader>
      <fileDesc>
         <titleStmt>
            <title>Title</title>
         </titleStmt>
         <publicationStmt>
            <p>Publication Information</p>
         </publicationStmt>
         <sourceDesc>
            <p>Information about the source</p>
         </sourceDesc>
      </fileDesc>
  </teiHeader><text>
      <body><head><title>DOWN BY THE SALLEY GARDENS</title></head>
<lg n="s1">
<l n="1">
<w pos="RB" lemma="DOWN" phon="!daUn" >DOWN</w> 
<w pos="IN" lemma="by" phon="!baI" >by</w> 
<w pos="DT" lemma="the" phon="D@" >the</w> 
<w pos="NN" lemma="salley" phon="" >salley</w> 
<w pos="NNS" lemma="garden" phon="!ga:-d@nz" >gardens</w> </l>
<l n="2"><w pos="PRP$" lemma="my" phon="!maI" >my</w> 
<w pos="NN" lemma="love" phon="!lVv" >love</w> 
<w pos="CC" lemma="and" phon="@n" >and</w> 
<w pos="PRP" lemma="I" phon="aI" >I</w> 
<w pos="VBD" lemma="do" phon="!dI:d" >did</w> 
<w pos="NN" lemma="meet" phon="!mi:t" >meet</w>;</l>
<l n="3">
<w pos="PRP" lemma="She" phon="!Si:" >She</w> 
<w pos="VBD" lemma="pass" phon="!pa:st" >passed</w> 
<w pos="DT" lemma="the" phon="D@" >the</w> 
<w pos="NN" lemma="salley" phon="" >salley</w> 
<w pos="NNS" lemma="garden" phon="!ga:-d@nz" >gardens</w> </l>
<l n="4"><w pos="IN" lemma="with" phon="!wID" >with</w> 
<w pos="JJ" lemma="little" phon="!lI-tl" >little</w> 
<w pos="JJ" lemma="snow-white" phon="!s-n@U-w-aIt" >snow-white</w> 
<w pos="NNS" lemma="foot" phon="!fi:t" >feet</w>.</l></lg>
<lg n="s2">
<l n="5"><w pos="PRP" lemma="She" phon="!Si:" >She</w> 
<w pos="VBD" lemma="bid" phon="!bId" >bid</w> 
<w pos="PRP" lemma="me" phon="!mi:" >me</w> 
<w pos="VB" lemma="take" phon="!teIk" >take</w> 
<w pos="NN" lemma="love" phon="!lVv" >love</w> 
<w pos="NN" lemma="easy" phon="!i:-zI" >easy</w>,</l>
<l n="6"><w pos="IN" lemma="a" phon="@z" >as</w> 
<w pos="DT" lemma="the" phon="D@" >the</w> 
<w pos="NNS" lemma="leaf" phon="!li:vz" >leaves</w> 
<w pos="VBP" lemma="grow" phon="!gr@U" >grow</w> 
<w pos="IN" lemma="on" phon="Qn" >on</w> 
<w pos="DT" lemma="the" phon="D@" >the</w> 
<w pos="NN" lemma="tree" phon="!tri:" >tree</w>;</l>
<l n="7"><w pos="CC" lemma="But" phon="!bVt" >But</w> 
<w pos="PRP" lemma="I" phon="aI" >I</w>,
<w pos="VBG" lemma="be" phon="!bi:-IN" >being</w> 
<w pos="JJ" lemma="young" phon="!jVN" >young</w> 
<w pos="CC" lemma="and" phon="@n" >and</w> 
<w pos="JJ" lemma="foolish" phon="!fu:-lIS" >foolish</w>,</l>
<l n="8"><w pos="IN" lemma="with" phon="!wID" >with</w> 
<w pos="PRP$" lemma="her" phon="!h3:" >her</w> 
<w pos="MD" lemma="would" phon=":wUd" >would</w> 
<w pos="RB" lemma="not" phon="!nQt" >not</w> 
<w pos="VB" lemma="agree" phon="@-!gri: " >agree</w>.</l></lg>
<lg n="s3">
<l n="9">
<w pos="IN" lemma="In" phon="In" >In</w> 
<w pos="DT" lemma="a" phon="@" >a</w> 
<w pos="NN" lemma="field" phon="!fi:ld" >field</w> 
<w pos="IN" lemma="by" phon="!baI" >by</w> 
<w pos="DT" lemma="the" phon="D@" >the</w> 
<w pos="NN" lemma="river" phon="!rI-v@" >river</w> </l>
<l n="10"><w pos="PRP$" lemma="my" phon="!maI" >my</w> 
<w pos="NN" lemma="love" phon="!lVv" >love</w> 
<w pos="CC" lemma="and" phon="@n" >and</w> 
<w pos="PRP" lemma="I" phon="aI" >I</w> 
<w pos="VBD" lemma="do" phon="!dI:d" >did</w> 
<w pos="VB" lemma="stand" phon="!st{nd" >stand</w>,</l>
<l n="11">
<w pos="CC" lemma="And" phon="@n" >And</w> 
<w pos="IN" lemma="on" phon="Qn" >on</w> 
<w pos="PRP$" lemma="my" phon="!maI" >my</w> 
<w pos="NN" lemma="leaning" phon="!li:-nIN " >leaning</w> 
<w pos="NN" lemma="shoulder" phon="!S@Ul-d@" >shoulder</w> </l>
<l n="12"><w pos="PRP" lemma="she" phon="!Si:" >she</w> 
<w pos="VBD" lemma="lay" phon="!leId" >laid</w> 
<w pos="PRP" lemma="her" phon="!h3:" >her</w> 
<w pos="JJ" lemma="snow-white" phon="!s-n@U-w-aIt" >snow-white</w> 
<w pos="NN" lemma="hand" phon="!h{nd" >hand</w>.</l></lg>
<lg n="s4">
<l n="13"><w pos="PRP" lemma="She" phon="!Si:" >She</w> 
<w pos="VBD" lemma="bid" phon="!bId" >bid</w> 
<w pos="PRP" lemma="me" phon="!mi:" >me</w> 
<w pos="VB" lemma="take" phon="!teIk" >take</w> 
<w pos="NN" lemma="life" phon="!laIf" >life</w> 
<w pos="NNS" lemma="easy" phon="!i:-zI" >easy</w>,</l>
<l n="14"><w pos="IN" lemma="a" phon="@z" >as</w> 
<w pos="DT" lemma="the" phon="D@" >the</w> 
<w pos="NN" lemma="grass" phon="!gra:s" >grass</w> 
<w pos="VBZ" lemma="grow" phon="!gr@Uz" >grows</w> 
<w pos="IN" lemma="on" phon="Qn" >on</w> 
<w pos="DT" lemma="the" phon="D@" >the</w> 
<w pos="NNS" lemma="weir" phon="wI@z" >weirs</w>;</l>
<l n="15"><w pos="CC" lemma="But" phon="!bVt" >But</w> 
<w pos="PRP" lemma="I" phon="aI" >I</w> 
<w pos="VBD" lemma="be" phon="wQz" >was</w> 
<w pos="JJ" lemma="young" phon="!jVN" >young</w> 
<w pos="CC" lemma="and" phon="@n" >and</w> 
<w pos="JJ" lemma="foolish" phon="!fu:-lIS" >foolish</w>,</l>
<l n="16"><w pos="CC" lemma="and" phon="@n" >and</w> 
<w pos="RB" lemma="now" phon="!naU" >now</w> 
<w pos="VBP" lemma="be" phon="!{m" >am</w> 
<w pos="JJ" lemma="full" phon="!fUl" >full</w> 
<w pos="IN" lemma="of" phon="Qv" >of</w> 
<w pos="NNS" lemma="tear" phon="!ti:z" >tears</w>.</l>
</lg></body>
		   </text>
		</TEI>
		