<?xml version="1.0" encoding="UTF-8"?>
<?xml-model href="http://www.tei-c.org/release/xml/tei/custom/schema/relaxng/tei_all.rng" type="application/xml" schematypens="http://relaxng.org/ns/structure/1.0"?>
<?xml-model href="http://www.tei-c.org/release/xml/tei/custom/schema/relaxng/tei_all.rng" type="application/xml"
	schematypens="http://purl.oclc.org/dsdl/schematron"?>
<TEI xmlns="http://www.tei-c.org/ns/1.0">
  <teiHeader>
      <fileDesc>
         <titleStmt>
            <title>Title</title>
         </titleStmt>
         <publicationStmt>
            <p>Publication Information</p>
         </publicationStmt>
         <sourceDesc>
            <p>Information about the source</p>
         </sourceDesc>
      </fileDesc>
  </teiHeader><text>
      <body><head><title>LAPIS LAZULI</title></head>
<lg n="s1">
<l n="1">(
<w pos="IN" lemma="For" phon="fQ" >For</w> 
<w pos="NNP" lemma="Harry" phon="!h{-rI" >Harry</w> 
<w pos="NNP" lemma="Clifton" phon="" >Clifton</w>)</l>
<l n="2">
<w pos="PRP" lemma="I" phon="aI" >I</w> 
<w pos="VBP" lemma="HAVE" phon="h{v" >HAVE</w> 
<w pos="VBN" lemma="hear" phon="!h3:d" >heard</w> 
<w pos="IN" lemma="that" phon="!D{t" >that</w> 
<w pos="JJ" lemma="hysterical" phon="hIs-te-rI-k@l" >hysterical</w> 
<w pos="NNS" lemma="woman" phon="!wI-mIn" >women</w> 
<w pos="VBP" lemma="say" phon="!seI" >say</w> </l>
<l n="3"><w pos="PRP" lemma="They" phon="!DeI" >They</w> 
<w pos="VBP" lemma="be" phon="a:" >are</w> 
<w pos="JJ" lemma="sick" phon="!sIk" >sick</w> 
<w pos="IN" lemma="of" phon="Qv" >of</w> 
<w pos="DT" lemma="the" phon="D@" >the</w> 
<w pos="NN" lemma="palette" phon="!p{-lIt" >palette</w> 
<w pos="CC" lemma="and" phon="@n" >and</w> 
<w pos="NN" lemma="fiddle-bow" phon="" >fiddle-bow</w>.</l>
<l n="4"><w pos="IN" lemma="Of" phon="Qv" >Of</w> 
<w pos="NNS" lemma="poet" phon="!p@U-Its" >poets</w> 
<w pos="WDT" lemma="that" phon="!D{t" >that</w> 
<w pos="VBP" lemma="be" phon="a:" >are</w> 
<w pos="RB" lemma="always" phon="!O:l-weIz" >always</w> 
<w pos="RB" lemma="gay" phon="!geI" >gay</w>,</l>
<l n="5">
<w pos="IN" lemma="For" phon="fQ" >For</w> 
<w pos="NN" lemma="everybody" phon="!e-v-rI-bQ-dI" >everybody</w> 
<w pos="VBZ" lemma="know" phon="!n@Uz" >knows</w> 
<w pos="CC" lemma="or" phon="Q" >or</w> 
<w pos="RB" lemma="else" phon="!els" >else</w> 
<w pos="MD" lemma="should" phon="!SUd" >should</w> 
<w pos="VB" lemma="know" phon="!n@U
" >know</w> </l>
<l n="6">
<w pos="DT" lemma="That" phon="!D{t" >That</w> 
<w pos="IN" lemma="if" phon="!If" >if</w> 
<w pos="NN" lemma="nothing" phon="!nV-TIN" >nothing</w> 
<w pos="NN" lemma="drastic" phon="!d-r{s-tIk" >drastic</w> 
<w pos="VBZ" lemma="be" phon="!Iz" >is</w> 
<w pos="VBN" lemma="do" phon="!dVn" >done</w> </l>
<l n="7"><w pos="NNP" lemma="Aeroplane" phon="!e@-r@-%pleIn" >Aeroplane</w> 
<w pos="CC" lemma="and" phon="@n" >and</w> 
<w pos="NNP" lemma="Zeppelin" phon="!ze-p@-lIn" >Zeppelin</w> 
<w pos="MD" lemma="will" phon="!wIl" >will</w> 
<w pos="VB" lemma="come" phon="!kVm" >come</w> 
<w pos="RP" lemma="out" phon="!aUt" >out</w>.</l>
<l n="8">
<w pos="NN" lemma="Pitch" phon="!pItS" >Pitch</w> 
<w pos="IN" lemma="like" phon="!laIk" >like</w> 
<w pos="NNP" lemma="King" phon="!kIN" >King</w> 
<w pos="NNP" lemma="Billy" phon="!bI-lI" >Billy</w> 
<w pos="NNS" lemma="bomb-balls" phon="" >bomb-balls</w> 
<w pos="IN" lemma="in" phon="In" >in</w> </l>
<l n="9"><w pos="IN" lemma="Until" phon="@n-!tIl" >Until</w> 
<w pos="DT" lemma="the" phon="D@" >the</w> 
<w pos="NN" lemma="town" phon="!taUn" >town</w> 
<w pos="NN" lemma="lie" phon="!laI" >lie</w> 
<w pos="NN" lemma="bearen" phon="" >bearen</w> 
<w pos="JJ" lemma="flat" phon="!fl{t" >flat</w>.</l>
<l n="10"><w pos="DT" lemma="All" phon="O:l" >All</w> 
<w pos="VBP" lemma="perform" phon="p@-!fQm" >perform</w> 
<w pos="PRP$" lemma="their" phon="!De@" >their</w> 
<w pos="JJ" lemma="tragic" phon="!tr{-dZIk" >tragic</w> 
<w pos="NN" lemma="play" phon="!pleI" >play</w>,</l>
<l n="11"><w pos="EX" lemma="There" phon="!De@" >There</w> 
<w pos="JJ" lemma="strutS" phon="st-rV-ts" >strutS</w> 
<w pos="NNP" lemma="Hamlet" phon="!h{m-lIt" >Hamlet</w>,
<w pos="EX" lemma="there" phon="!De@" >there</w> 
<w pos="VBZ" lemma="be" phon="!Iz" >is</w> 
<w pos="NNP" lemma="Lear" phon="" >Lear</w>,</l>
<l n="12"><w pos="DT" lemma="That" phon="!D{t" >That</w> 
<w pos="VBZ" lemma="'s" phon="" >'s</w> 
<w pos="NNP" lemma="Ophelia" phon="" >Ophelia</w>,
<w pos="IN" lemma="that" phon="!D{t" >that</w> 
<w pos="NNP" lemma="Cordelia" phon="" >Cordelia</w>;</l>
<l n="13"><w pos="RB" lemma="Yet" phon="!jet" >Yet</w> 
<w pos="PRP" lemma="they" phon="!DeI" >they</w>,
<w pos="MD" lemma="should" phon="!SUd" >should</w> 
<w pos="DT" lemma="the" phon="D@" >the</w> 
<w pos="JJ" lemma="last" phon="!la:st" >last</w> 
<w pos="NN" lemma="scene" phon="!si:n " >scene</w> 
<w pos="VB" lemma="be" phon="bi:" >be</w> 
<w pos="RB" lemma="there" phon="!De@" >there</w>,</l>
<l n="14"><w pos="DT" lemma="The" phon="D@" >The</w> 
<w pos="JJ" lemma="great" phon="!greIt
" >great</w> 
<w pos="NN" lemma="stage" phon="!steIdZ" >stage</w> 
<w pos="NN" lemma="curtain" phon="!k3:-tn" >curtain</w> 
<w pos="IN" lemma="about" phon="@-!baUt" >about</w> 
<w pos="TO" lemma="to" phon="t@" >to</w> 
<w pos="VB" lemma="drop" phon="!drQp" >drop</w>,</l>
<l n="15"><w pos="IN" lemma="If" phon="!If" >If</w> 
<w pos="JJ" lemma="worthy" phon="!w3:-DI" >worthy</w> 
<w pos="PRP$" lemma="their" phon="!De@" >their</w> 
<w pos="JJ" lemma="prominent" phon="!prQ-mI-n@nt" >prominent</w> 
<w pos="NN" lemma="part" phon="!pa:t" >part</w> 
<w pos="IN" lemma="in" phon="In" >in</w> 
<w pos="DT" lemma="the" phon="D@" >the</w> 
<w pos="NN" lemma="play" phon="!pleI" >play</w>,</l>
<l n="16"><w pos="NNP" lemma="Do" phon="!du:" >Do</w> 
<w pos="RB" lemma="not" phon="!nQt" >not</w> 
<w pos="VB" lemma="break" phon="!breIk" >break</w> 
<w pos="RP" lemma="up" phon="!Vp" >up</w> 
<w pos="PRP$" lemma="their" phon="!De@" >their</w> 
<w pos="NNS" lemma="line" phon="!laInz" >lines</w> 
<w pos="TO" lemma="to" phon="t@" >to</w> 
<w pos="VB" lemma="weep" phon="!wi:p" >weep</w>.</l>
<l n="17"><w pos="PRP" lemma="They" phon="!DeI" >They</w> 
<w pos="VBP" lemma="know" phon="!n@U
" >know</w> 
<w pos="DT" lemma="that" phon="!D{t" >that</w> 
<w pos="NNP" lemma="Hamlet" phon="!h{m-lIt" >Hamlet</w> 
<w pos="CC" lemma="and" phon="@n" >and</w> 
<w pos="NNP" lemma="Lear" phon="" >Lear</w> 
<w pos="VBP" lemma="be" phon="a:" >are</w> 
<w pos="NN" lemma="gay" phon="!geI" >gay</w>;</l>
<l n="18"><w pos="NNP" lemma="Gaiety" phon="!geI-@-tI" >Gaiety</w> 
<w pos="VBG" lemma="transfigure" phon="t-r{-ns-!fI-g@-rIN" >transfiguring</w> 
<w pos="PDT" lemma="all" phon="O:l" >all</w> 
<w pos="DT" lemma="that" phon="!D{t" >that</w> 
<w pos="NN" lemma="dread" phon="!dred" >dread</w>.</l>
<l n="19"><w pos="DT" lemma="All" phon="O:l" >All</w> 
<w pos="NNS" lemma="men" phon="!men" >men</w> 
<w pos="VBP" lemma="have" phon="h{v" >have</w> 
<w pos="VBN" lemma="aim" phon="!eImd" >aimed</w> 
<w pos="IN" lemma="at" phon="{t" >at</w>,
<w pos="VBN" lemma="find" phon="!faUnd" >found</w> 
<w pos="CC" lemma="and" phon="@n" >and</w> 
<w pos="VBN" lemma="lose" phon="!lQst" >lost</w>;</l>
<l n="20"><w pos="NNP" lemma="Black" phon="!bl{k" >Black</w> 
<w pos="RP" lemma="out" phon="!aUt" >out</w>;
<w pos="NNP" lemma="Heaven" phon="!he-vn" >Heaven</w> 
<w pos="VBG" lemma="blaze" phon="!bleI-zIN" >blazing</w> 
<w pos="IN" lemma="into" phon="!In-tU" >into</w> 
<w pos="DT" lemma="the" phon="D@" >the</w> 
<w pos="NN" lemma="head" phon="!hed" >head</w>:</l>
<l n="21"><w pos="NN" lemma="Tragedy" phon="!tr{-dZI-dI" >Tragedy</w> 
<w pos="VBD" lemma="work" phon="!rO:t" >wrought</w> 
<w pos="TO" lemma="to" phon="t@" >to</w> 
<w pos="PRP$" lemma="it" phon="Its" >its</w> 
<w pos="NN" lemma="uttermost" phon="V-t@-m@U-st" >uttermost</w>.</l>
<l n="22"><w pos="IN" lemma="Though" phon="!D@U" >Though</w> 
<w pos="NNP" lemma="Hamlet" phon="!h{m-lIt" >Hamlet</w> 
<w pos="NNS" lemma="ramble" phon="!r{-m-b-lz" >rambles</w> 
<w pos="CC" lemma="and" phon="@n" >and</w> 
<w pos="NNP" lemma="Lear" phon="" >Lear</w> 
<w pos="NNS" lemma="rage" phon="!reI-dZIz" >rages</w>,</l>
<l n="23">
<w pos="CC" lemma="And" phon="@n" >And</w> 
<w pos="PDT" lemma="all" phon="O:l" >all</w> 
<w pos="DT" lemma="the" phon="D@" >the</w> 
<w pos="JJ" lemma="drop-scenes" phon="" >drop-scenes</w> 
<w pos="NN" lemma="drop" phon="!drQp" >drop</w> 
<w pos="IN" lemma="at" phon="{t" >at</w> 
<w pos="RB" lemma="once" phon="!wVns" >once</w> </l>
<l n="24"><w pos="IN" lemma="Upon" phon="@-!pQn" >Upon</w> 
<w pos="DT" lemma="a" phon="@" >a</w> 
<w pos="CD" lemma="hundred" phon="!hVn-drId" >hundred</w> 
<w pos="NN" lemma="thousand" phon="!TaU-z@nd" >thousand</w> 
<w pos="NNS" lemma="stage" phon="!steI-dZIz" >stages</w>,</l>
<l n="25"><w pos="PRP" lemma="It" phon="It" >It</w> 
<w pos="MD" lemma="can" phon="!k{n" >can</w> 
<w pos="RB" lemma="not" phon="!nQt" >not</w> 
<w pos="VB" lemma="grow" phon="!gr@U" >grow</w> 
<w pos="IN" lemma="by" phon="!baI" >by</w> 
<w pos="DT" lemma="an" phon="@n" >an</w> 
<w pos="NN" lemma="inch" phon="!IntS" >inch</w> 
<w pos="CC" lemma="or" phon="Q" >or</w> 
<w pos="DT" lemma="an" phon="@n" >an</w> 
<w pos="NN" lemma="ounce" phon="!aUns" >ounce</w>.</l>
<l n="26"><w pos="IN" lemma="On" phon="Qn" >On</w> 
<w pos="PRP$" lemma="their" phon="!De@" >their</w> 
<w pos="JJ" lemma="own" phon="!@Un" >own</w> 
<w pos="NNS" lemma="foot" phon="!fi:t" >feet</w> 
<w pos="PRP" lemma="they" phon="!DeI" >they</w> 
<w pos="VBD" lemma="come" phon="!keIm" >came</w>,
<w pos="CC" lemma="or" phon="Q" >or</w> 
<w pos="IN" lemma="On" phon="Qn" >On</w> 
<w pos="NN" lemma="shipboard" phon="SIp-bQd" >shipboard</w>,'</l>
<l n="27"><w pos="NN" lemma="Camel-back" phon="" >Camel-back</w>;
<w pos="JJ" lemma="horse-back" phon="" >horse-back</w>,
<w pos="JJ" lemma="ass-back" phon="" >ass-back</w>,
<w pos="NN" lemma="mule-back" phon="" >mule-back</w>,</l>
<l n="28"><w pos="NNP" lemma="Old" phon="!@Uld" >Old</w> 
<w pos="NNS" lemma="civilisation" phon="" >civilisations</w> 
<w pos="VBD" lemma="put" phon="!pVt" >put</w> 
<w pos="TO" lemma="to" phon="t@" >to</w> 
<w pos="DT" lemma="the" phon="D@" >the</w> 
<w pos="NN" lemma="sword" phon="!sO:d" >sword</w>.</l>
<l n="29"><w pos="RB" lemma="Then" phon="!Den" >Then</w> 
<w pos="PRP" lemma="they" phon="!DeI" >they</w> 
<w pos="CC" lemma="and" phon="@n" >and</w> 
<w pos="PRP$" lemma="their" phon="!De@" >their</w> 
<w pos="NN" lemma="wisdom" phon="!wIz-d@m" >wisdom</w> 
<w pos="VBD" lemma="go" phon="!went" >went</w> 
<w pos="TO" lemma="to" phon="t@" >to</w> 
<w pos="VB" lemma="rack" phon="!r{k" >rack</w>:</l>
<l n="30"><w pos="DT" lemma="No" phon="!n@U" >No</w> 
<w pos="NN" lemma="handiwork" phon="h{ndI-w3k" >handiwork</w> 
<w pos="IN" lemma="of" phon="Qv" >of</w> 
<w pos="NNP" lemma="Callimachus" phon="" >Callimachus</w>,</l>
<l n="31"><w pos="WP" lemma="Who" phon="!hu:" >Who</w> 
<w pos="VBD" lemma="handle" phon="h{n-dld" >handled</w> 
<w pos="NN" lemma="marble" phon="!ma:-bl" >marble</w> 
<w pos="IN" lemma="a" phon="@z" >as</w> 
<w pos="IN" lemma="if" phon="!If" >if</w> 
<w pos="PRP" lemma="it" phon="It" >it</w> 
<w pos="VBD" lemma="be" phon="w3:" >were</w> 
<w pos="NNS" lemma="bronze" phon="!brQnz " >bronze</w>,</l>
<l n="32">
<w pos="VBN" lemma="Made" phon="!meId" >Made</w> 
<w pos="NNS" lemma="drapery" phon="!dreI-p@-rIz" >draperies</w> 
<w pos="WDT" lemma="that" phon="!D{t" >that</w> 
<w pos="VBD" lemma="seem" phon="!si:md" >seemed</w> 
<w pos="TO" lemma="to" phon="t@" >to</w> 
<w pos="VB" lemma="rise" phon="!raIz" >rise</w> </l>
<l n="33"><w pos="WRB" lemma="When" phon="!wen" >When</w> 
<w pos="NN" lemma="sea-wind" phon="" >sea-wind</w> 
<w pos="VBD" lemma="sweep" phon="!swept" >swept</w> 
<w pos="DT" lemma="the" phon="D@" >the</w> 
<w pos="NN" lemma="corner" phon="!kO:-n@" >corner</w>,
<w pos="VBZ" lemma="stand" phon="!st{ndz" >stands</w>;</l>
<l n="34">
<w pos="PRP$" lemma="His" phon="hIz" >His</w> 
<w pos="JJ" lemma="long" phon="!lQN" >long</w> 
<w pos="NN" lemma="lamp-chimney" phon="" >lamp-chimney</w> 
<w pos="VBN" lemma="shape" phon="SeI-pt" >shaped</w> 
<w pos="IN" lemma="like" phon="!laIk" >like</w> 
<w pos="DT" lemma="the" phon="D@" >the</w> 
<w pos="NN" lemma="stem" phon="stem" >stem</w> </l>
<l n="35"><w pos="IN" lemma="Of" phon="Qv" >Of</w> 
<w pos="DT" lemma="a" phon="@" >a</w> 
<w pos="NN" lemma="slender" phon="!slen-d@" >slender</w> 
<w pos="NN" lemma="palm" phon="!pa:m" >palm</w>,
<w pos="VBD" lemma="stand" phon="!stUd" >stood</w> 
<w pos="CC" lemma="but" phon="!bVt" >but</w> 
<w pos="DT" lemma="a" phon="@" >a</w> 
<w pos="NN" lemma="day" phon="!deI" >day</w>;</l>
<l n="36"><w pos="DT" lemma="All" phon="O:l" >All</w> 
<w pos="NNS" lemma="thing" phon="!TINz" >things</w> 
<w pos="NN" lemma="fall" phon="!fO:l" >fall</w> 
<w pos="CC" lemma="and" phon="@n" >and</w> 
<w pos="VBP" lemma="be" phon="a:" >are</w> 
<w pos="VBN" lemma="build" phon="!bIlt" >built</w> 
<w pos="RB" lemma="again" phon="@-!gen" >again</w>,</l>
<l n="37"><w pos="CC" lemma="And" phon="@n" >And</w> 
<w pos="DT" lemma="those" phon="!D@Uz" >those</w> 
<w pos="WDT" lemma="that" phon="!D{t" >that</w> 
<w pos="VBP" lemma="build" phon="!bIld" >build</w> 
<w pos="PRP" lemma="them" phon="!Dem" >them</w> 
<w pos="RB" lemma="again" phon="@-!gen" >again</w> 
<w pos="VBP" lemma="be" phon="a:" >are</w> 
<w pos="NNS" lemma="gay" phon="!geI" >gay</w>.</l>
<l n="38"><w pos="CD" lemma="Two" phon="!tu:" >Two</w> 
<w pos="NNP" lemma="Chinamen" phon="tS-aI-n@-m@n" >Chinamen</w>,
<w pos="IN" lemma="behind" phon="bI-!haInd" >behind</w> 
<w pos="PRP" lemma="them" phon="!Dem" >them</w> 
<w pos="DT" lemma="a" phon="@" >a</w> 
<w pos="JJ" lemma="third" phon="!T3:d" >third</w>,</l>
<l n="39"><w pos="NNP" lemma="Are" phon="a:" >Are</w> 
<w pos="VBN" lemma="carve" phon="!ka:vd" >carved</w> 
<w pos="IN" lemma="in" phon="In" >in</w> 
<w pos="NN" lemma="lapis" phon="" >lapis</w> 
<w pos="NN" lemma="lazuli" phon="l{-z-jU-l-aI" >lazuli</w>,</l>
<l n="40"><w pos="IN" lemma="Over" phon="!%@U-v@" >Over</w> 
<w pos="PRP" lemma="them" phon="!Dem" >them</w> 
<w pos="VBZ" lemma="fly" phon="!flaIz" >flies</w> 
<w pos="DT" lemma="a" phon="@" >a</w> 
<w pos="JJ" lemma="long-legged" phon="" >long-legged</w> 
<w pos="NN" lemma="bird" phon="b3:d" >bird</w>,</l>
<l n="41"><w pos="DT" lemma="A" phon="@" >A</w> 
<w pos="NN" lemma="symbol" phon="!sIm-b@l" >symbol</w> 
<w pos="IN" lemma="of" phon="Qv" >of</w> 
<w pos="NN" lemma="longevity" phon="lQn-!dZe-vI-tI" >longevity</w>;</l>
<l n="42"><w pos="DT" lemma="The" phon="D@" >The</w> 
<w pos="JJ" lemma="third" phon="!T3:d" >third</w>,
<w pos="VB" lemma="doubtless" phon="!daUt-lIs" >doubtless</w> 
<w pos="DT" lemma="a" phon="@" >a</w> 
<w pos="NN" lemma="serving-man" phon="" >serving-man</w>,</l>
<l n="43"><w pos="NNS" lemma="Carries" phon="!ke-ri:z" >Carries</w> 
<w pos="DT" lemma="a" phon="@" >a</w> 
<w pos="JJ" lemma="musical" phon="!m-ju-zI-k@l" >musical</w> 
<w pos="NN" lemma="instmment" phon="" >instmment</w>.</l>
<l n="44"><w pos="DT" lemma="Every" phon="!e-vrI" >Every</w> 
<w pos="NN" lemma="discoloration" phon="dIs-kV-l@-reI-S@n" >discoloration</w> 
<w pos="IN" lemma="of" phon="Qv" >of</w> 
<w pos="DT" lemma="the" phon="D@" >the</w> 
<w pos="NN" lemma="stone" phon="!st@Un" >stone</w>,</l>
<l n="45"><w pos="DT" lemma="Every" phon="!e-vrI" >Every</w> 
<w pos="JJ" lemma="accidental" phon="%{k-sI-!den-tl" >accidental</w> 
<w pos="NN" lemma="crack" phon="!kr{k" >crack</w> 
<w pos="CC" lemma="or" phon="Q" >or</w> 
<w pos="NN" lemma="dent" phon="de-nt" >dent</w>,</l>
<l n="46"><w pos="VBZ" lemma="Seems" phon="!si:mz" >Seems</w> 
<w pos="DT" lemma="a" phon="@" >a</w> 
<w pos="NN" lemma="water-course" phon="" >water-course</w> 
<w pos="CC" lemma="or" phon="Q" >or</w> 
<w pos="DT" lemma="an" phon="@n" >an</w> 
<w pos="NN" lemma="avalanche" phon="" >avalanche</w>,</l>
<l n="47">
<w pos="CC" lemma="Or" phon="Q" >Or</w> 
<w pos="VB" lemma="lofty" phon="" >lofty</w> 
<w pos="NN" lemma="slope" phon="!sl@Up" >slope</w> 
<w pos="WRB" lemma="where" phon="!we@" >where</w> 
<w pos="PRP" lemma="it" phon="It" >it</w> 
<w pos="RB" lemma="still" phon="!stIl" >still</w> 
<w pos="VBZ" lemma="snow" phon="!sn@Uz" >snows</w> </l>
<l n="48">
<w pos="IN" lemma="Though" phon="!D@U" >Though</w> 
<w pos="JJ" lemma="doubtless" phon="!daUt-lIs" >doubtless</w> 
<w pos="NN" lemma="plum" phon="!plVm" >plum</w> 
<w pos="CC" lemma="or" phon="Q" >or</w> 
<w pos="NN" lemma="cherry-branch" phon="" >cherry-branch</w> </l>
<l n="49">
<w pos="VBZ" lemma="Sweetens" phon="!s-wi-t-nz" >Sweetens</w> 
<w pos="DT" lemma="the" phon="D@" >the</w> 
<w pos="JJ" lemma="little" phon="!lI-tl" >little</w> 
<w pos="JJ" lemma="half-way" phon="ha:f--!weI" >half-way</w> 
<w pos="NN" lemma="house" phon="!haUz" >house</w> </l>
<l n="50"><w pos="DT" lemma="Those" phon="!D@Uz" >Those</w> 
<w pos="NNP" lemma="Chinamen" phon="tS-aI-n@-m@n" >Chinamen</w> 
<w pos="NN" lemma="climb" phon="!klaIm" >climb</w> 
<w pos="NNS" lemma="towards" phon="t@-!wQdz" >towards</w>,
<w pos="CC" lemma="and" phon="@n" >and</w> 
<w pos="PRP" lemma="I" phon="aI" >I</w> </l>
<l n="51"><w pos="NNP" lemma="Delight" phon="dI-!laIt" >Delight</w> 
<w pos="TO" lemma="to" phon="t@" >to</w> 
<w pos="VB" lemma="imagine" phon="I-!m{-dZIn" >imagine</w> 
<w pos="PRP" lemma="them" phon="!Dem" >them</w> 
<w pos="VBN" lemma="seat" phon="!si-tId" >seated</w> 
<w pos="RB" lemma="there" phon="!De@" >there</w>;</l>
<l n="52"><w pos="EX" lemma="There" phon="!De@" >There</w>,
<w pos="IN" lemma="on" phon="Qn" >on</w> 
<w pos="DT" lemma="the" phon="D@" >the</w> 
<w pos="NN" lemma="mountain" phon="!maUn-tIn" >mountain</w> 
<w pos="CC" lemma="and" phon="@n" >and</w> 
<w pos="DT" lemma="the" phon="D@" >the</w> 
<w pos="NN" lemma="sky" phon="!skaI" >sky</w>,</l>
<l n="53"><w pos="IN" lemma="On" phon="Qn" >On</w> 
<w pos="PDT" lemma="all" phon="O:l" >all</w> 
<w pos="DT" lemma="the" phon="D@" >the</w> 
<w pos="JJ" lemma="tragic" phon="!tr{-dZIk" >tragic</w> 
<w pos="NN" lemma="scene" phon="!si:n " >scene</w> 
<w pos="PRP" lemma="they" phon="!DeI" >they</w> 
<w pos="VBP" lemma="stare" phon="!ste@" >stare</w>.</l>
<l n="54"><w pos="CD" lemma="One" phon="!wVn" >One</w> 
<w pos="VBZ" lemma="ask" phon="!a:sks" >asks</w> 
<w pos="IN" lemma="for" phon="fQ" >for</w> 
<w pos="JJ" lemma="mournful" phon="!mO:n-f@l" >mournful</w> 
<w pos="NNS" lemma="melody" phon="!me-l@-dIz" >melodies</w>;</l>
<l n="55"><w pos="JJ" lemma="Accomplished" phon="@-!kVm-plISt" >Accomplished</w> 
<w pos="NNS" lemma="finger" phon="!fIN-g@z" >fingers</w> 
<w pos="VBP" lemma="begin" phon="bI-!gIn" >begin</w> 
<w pos="TO" lemma="to" phon="t@" >to</w> 
<w pos="VB" lemma="play" phon="!pleI" >play</w>.</l>
<l n="56"><w pos="PRP$" lemma="Their" phon="!De@" >Their</w> 
<w pos="NNS" lemma="eye" phon="!aIz" >eyes</w> 
<w pos="VBP" lemma="mid" phon="mId" >mid</w> 
<w pos="JJ" lemma="many" phon="!me-nI" >many</w> 
<w pos="NNS" lemma="wrinkle" phon="!rIN-klz" >wrinkles</w>,
<w pos="PRP$" lemma="their" phon="!De@" >their</w> 
<w pos="NNS" lemma="eye" phon="!aIz" >eyes</w>,</l>
<l n="57"><w pos="PRP$" lemma="Their" phon="!De@" >Their</w> 
<w pos="NN" lemma="ancient" phon="!eIn-S@nt" >ancient</w>,
<w pos="VBG" lemma="glitter" phon="!glI-t@-rIN" >glittering</w> 
<w pos="NNS" lemma="eye" phon="!aIz" >eyes</w>,
<w pos="VBP" lemma="be" phon="a:" >are</w> 
<w pos="JJ" lemma="gay" phon="!geI" >gay</w>.</l>
</lg></body>
		   </text>
		</TEI>
		