<?xml version="1.0" encoding="UTF-8"?>
<?xml-model href="http://www.tei-c.org/release/xml/tei/custom/schema/relaxng/tei_all.rng" type="application/xml" schematypens="http://relaxng.org/ns/structure/1.0"?>
<?xml-model href="http://www.tei-c.org/release/xml/tei/custom/schema/relaxng/tei_all.rng" type="application/xml"
	schematypens="http://purl.oclc.org/dsdl/schematron"?>
<TEI xmlns="http://www.tei-c.org/ns/1.0">
  <teiHeader>
      <fileDesc>
         <titleStmt>
            <title>Title</title>
         </titleStmt>
         <publicationStmt>
            <p>Publication Information</p>
         </publicationStmt>
         <sourceDesc>
            <p>Information about the source</p>
         </sourceDesc>
      </fileDesc>
  </teiHeader><text>
      <body><head><title>LEDA AND THE SWAN</title></head>
<lg n="s1">
<l n="1"><w pos="DT" lemma="A" phon="@" >A</w> 
<w pos="JJ" lemma="SUDDEN" phon="!sV-dn" >SUDDEN</w> 
<w pos="NN" lemma="blow" phon="!bl@U" >blow</w>:
<w pos="DT" lemma="the" phon="D@" >the</w> 
<w pos="JJ" lemma="great" phon="!greIt
" >great</w> 
<w pos="NNS" lemma="wing" phon="!wINz" >wings</w> 
<w pos="VBG" lemma="beat" phon="!bi:-tIN" >beating</w> 
<w pos="RB" lemma="still" phon="!stIl" >still</w> </l>
<l n="2"><w pos="IN" lemma="Above" phon="@-!bVv" >Above</w> 
<w pos="DT" lemma="the" phon="D@" >the</w> 
<w pos="JJ" lemma="staggering" phon="!s-t{-g@-rIN" >staggering</w> 
<w pos="NN" lemma="girl" phon="!g3:l" >girl</w>,
<w pos="PRP$" lemma="her" phon="!h3:" >her</w> 
<w pos="NNS" lemma="thigh" phon="!TaIz" >thighs</w> 
<w pos="VBD" lemma="caress" phon="k@-!re-st" >caressed</w> </l>
<l n="3"><w pos="IN" lemma="By" phon="!baI" >By</w> 
<w pos="DT" lemma="the" phon="D@" >the</w> 
<w pos="NN" lemma="dark" phon="!da:k" >dark</w> 
<w pos="NN" lemma="web" phon="!webz" >webs</w>,
<w pos="PRP$" lemma="her" phon="!h3:" >her</w> 
<w pos="NN" lemma="nape" phon="!neIp" >nape</w> 
<w pos="NN" lemma="caught" phon="kO:t" >caught</w> 
<w pos="IN" lemma="in" phon="In" >in</w> 
<w pos="PRP$" lemma="his" phon="hIz" >his</w> 
<w pos="NN" lemma="bill" phon="!bIl" >bill</w>,</l>
<l n="4"><w pos="PRP" lemma="He" phon="hi: " >He</w> 
<w pos="VBZ" lemma="hold" phon="!h@Uldz" >holds</w> 
<w pos="PRP$" lemma="her" phon="!h3:" >her</w> 
<w pos="JJ" lemma="helpless" phon="!help-l@s" >helpless</w> 
<w pos="NN" lemma="breast" phon="!brest" >breast</w> 
<w pos="IN" lemma="upon" phon="@-!pQn" >upon</w> 
<w pos="PRP$" lemma="his" phon="hIz" >his</w> 
<w pos="NN" lemma="breast" phon="!brest" >breast</w>.</l></lg>
<lg n="s2">
<l n="5">
<w pos="WRB" lemma="How" phon="!haU" >How</w> 
<w pos="MD" lemma="can" phon="!k{n" >can</w> 
<w pos="DT" lemma="those" phon="!D@Uz" >those</w> 
<w pos="JJ" lemma="terrified" phon="!te-rI-f-aId" >terrified</w> 
<w pos="JJ" lemma="vague" phon="!veIg" >vague</w> 
<w pos="NNS" lemma="finger" phon="!fIN-g@z" >fingers</w> 
<w pos="VBP" lemma="push" phon="!pUS" >push</w> </l>
<l n="6"><w pos="DT" lemma="The" phon="D@" >The</w> 
<w pos="JJ" lemma="feathered" phon="!fe-D@d" >feathered</w> 
<w pos="NN" lemma="glory" phon="!glO:-rI" >glory</w> 
<w pos="IN" lemma="from" phon="!frQm" >from</w> 
<w pos="PRP$" lemma="her" phon="!h3:" >her</w> 
<w pos="VBG" lemma="loosen" phon="!lu:s-nIN" >loosening</w> 
<w pos="NNS" lemma="thigh" phon="!TaIz" >thighs</w>?</l>
<l n="7"><w pos="CC" lemma="And" phon="@n" >And</w> 
<w pos="WRB" lemma="how" phon="!haU" >how</w> 
<w pos="MD" lemma="can" phon="!k{n" >can</w> 
<w pos="VB" lemma="body" phon="!bQ-dI" >body</w>,
<w pos="VBN" lemma="lay" phon="!leId" >laid</w> 
<w pos="IN" lemma="in" phon="In" >in</w> 
<w pos="DT" lemma="that" phon="!D{t" >that</w> 
<w pos="JJ" lemma="white" phon="!waIt" >white</w> 
<w pos="NN" lemma="rush" phon="!rVS" >rush</w>,</l>
<l n="8"><w pos="CC" lemma="But" phon="!bVt" >But</w> 
<w pos="VB" lemma="feel" phon="!fi:l" >feel</w> 
<w pos="DT" lemma="the" phon="D@" >the</w> 
<w pos="JJ" lemma="strange" phon="!streIndZ" >strange</w> 
<w pos="NN" lemma="heart" phon="!ha:t" >heart</w> 
<w pos="NN" lemma="beating" phon="!bi:-tIN" >beating</w> 
<w pos="WRB" lemma="where" phon="!we@" >where</w> 
<w pos="PRP" lemma="it" phon="It" >it</w> 
<w pos="VBZ" lemma="lie" phon="!laIz" >lies</w>?</l></lg>
<lg n="s3">
<l n="9">
<w pos="DT" lemma="A" phon="@" >A</w> 
<w pos="NN" lemma="shudder" phon="!SV-d@" >shudder</w> 
<w pos="IN" lemma="in" phon="In" >in</w> 
<w pos="DT" lemma="the" phon="D@" >the</w> 
<w pos="NNS" lemma="loin" phon="!loInz" >loins</w> 
<w pos="NNS" lemma="engenders" phon="en-!dZen-d@z    Y
" >engenders</w> 
<w pos="RB" lemma="there" phon="!De@" >there</w> </l>
<l n="10"><w pos="DT" lemma="The" phon="D@" >The</w> 
<w pos="NN" lemma="broken" phon="!br@U-k@n" >broken</w> 
<w pos="NN" lemma="wall" phon="!wO:l" >wall</w>,
<w pos="DT" lemma="the" phon="D@" >the</w> 
<w pos="NN" lemma="burning" phon="!b3:-nIN" >burning</w> 
<w pos="NN" lemma="roof" phon="!ru:f" >roof</w> 
<w pos="CC" lemma="and" phon="@n" >and</w> 
<w pos="NN" lemma="tower" phon="!t@U-@" >tower</w> </l>
<l n="11"><w pos="CC" lemma="And" phon="@n" >And</w> 
<w pos="NNP" lemma="Agamemnon" phon="!{-g@-%mem-nQn " >Agamemnon</w> 
<w pos="VBP" lemma="dead" phon="!ded" >dead</w>.</l>
<l n="12"><w pos="VBG" lemma="Being" phon="!bi:-IN" >Being</w> 
<w pos="RB" lemma="so" phon="!s@U" >so</w> 
<w pos="VBN" lemma="catch" phon="kO:t" >caught</w> 
<w pos="RP" lemma="up" phon="!Vp" >up</w>,</l>
<l n="13"><w pos="RB" lemma="So" phon="!s@U" >So</w> 
<w pos="VBN" lemma="master" phon="!ma:s-t@d" >mastered</w> 
<w pos="IN" lemma="by" phon="!baI" >by</w> 
<w pos="DT" lemma="the" phon="D@" >the</w> 
<w pos="JJ" lemma="brute" phon="!bru:t" >brute</w> 
<w pos="NN" lemma="blood" phon="!blVd" >blood</w> 
<w pos="IN" lemma="of" phon="Qv" >of</w> 
<w pos="DT" lemma="the" phon="D@" >the</w> 
<w pos="NN" lemma="air" phon="!e@" >air</w>,</l>
<l n="14">
<w pos="NNP" lemma="Did" phon="!dI:d" >Did</w> 
<w pos="PRP" lemma="she" phon="!Si:" >she</w> 
<w pos="VBD" lemma="put" phon="!pVt" >put</w> 
<w pos="IN" lemma="on" phon="Qn" >on</w> 
<w pos="PRP$" lemma="his" phon="hIz" >his</w> 
<w pos="NN" lemma="knowledge" phon="!nQ-lIdZ" >knowledge</w> 
<w pos="IN" lemma="with" phon="!wID" >with</w> 
<w pos="PRP$" lemma="his" phon="hIz" >his</w> 
<w pos="NN" lemma="power" phon="!paU-@" >power</w> </l>
<l n="15"><w pos="IN" lemma="Before" phon="bI-!fO:" >Before</w> 
<w pos="DT" lemma="the" phon="D@" >the</w> 
<w pos="JJ" lemma="indifferent" phon="In-!dI-fr@nt" >indifferent</w> 
<w pos="NN" lemma="beak" phon="!bi:k" >beak</w> 
<w pos="MD" lemma="could" phon="!kUd" >could</w> 
<w pos="VB" lemma="let" phon="!let" >let</w> 
<w pos="PRP" lemma="her" phon="!h3:" >her</w> 
<w pos="VB" lemma="drop" phon="!drQp" >drop</w>?</l>
</lg></body>
		   </text>
		</TEI>
		