<?xml version="1.0" encoding="UTF-8"?>
<?xml-model href="http://www.tei-c.org/release/xml/tei/custom/schema/relaxng/tei_all.rng" type="application/xml" schematypens="http://relaxng.org/ns/structure/1.0"?>
<?xml-model href="http://www.tei-c.org/release/xml/tei/custom/schema/relaxng/tei_all.rng" type="application/xml"
	schematypens="http://purl.oclc.org/dsdl/schematron"?>
<TEI xmlns="http://www.tei-c.org/ns/1.0">
  <teiHeader>
      <fileDesc>
         <titleStmt>
            <title>Title</title>
         </titleStmt>
         <publicationStmt>
            <p>Publication Information</p>
         </publicationStmt>
         <sourceDesc>
            <p>Information about the source</p>
         </sourceDesc>
      </fileDesc>
  </teiHeader><text>
      <body><head><title>LONG-LEGGED FLY</title></head>
<lg n="s1">
<l n="1"><w pos="DT" lemma="THAT" phon="!D{t" >THAT</w> 
<w pos="NN" lemma="civilisation" phon="" >civilisation</w> 
<w pos="MD" lemma="may" phon="!meI" >may</w> 
<w pos="RB" lemma="not" phon="!nQt" >not</w> 
<w pos="VB" lemma="sink" phon="!sINk" >sink</w>,</l>
<l n="2"><w pos="PRP$" lemma="Its" phon="Its" >Its</w> 
<w pos="JJ" lemma="great" phon="!greIt
" >great</w> 
<w pos="NN" lemma="battle" phon="!b{-tl" >battle</w> 
<w pos="VBD" lemma="lose" phon="!lQst" >lost</w>,</l>
<l n="3"><w pos="JJ" lemma="Quiet" phon="!kwaI-@t" >Quiet</w> 
<w pos="DT" lemma="the" phon="D@" >the</w> 
<w pos="NN" lemma="dog" phon="!dQg" >dog</w>,
<w pos="CC" lemma="tether" phon="!te-D@" >tether</w> 
<w pos="DT" lemma="the" phon="D@" >the</w> 
<w pos="NN" lemma="pony" phon="!p@U-nI" >pony</w> </l>
<l n="4"><w pos="TO" lemma="To" phon="t@" >To</w> 
<w pos="DT" lemma="a" phon="@" >a</w> 
<w pos="JJ" lemma="distant" phon="!dIs-t@nt" >distant</w> 
<w pos="NN" lemma="post" phon="!p@Ust" >post</w>;</l>
<l n="5">
<w pos="PRP$" lemma="Our" phon="!aU" >Our</w> 
<w pos="NN" lemma="master" phon="!ma:s-t@" >master</w> 
<w pos="NNP" lemma="Caesar" phon="!si:-za: " >Caesar</w> 
<w pos="VBZ" lemma="be" phon="!Iz" >is</w> 
<w pos="IN" lemma="in" phon="In" >in</w> 
<w pos="DT" lemma="the" phon="D@" >the</w> 
<w pos="NN" lemma="tent" phon="!tent" >tent</w> </l>
<l n="6"><w pos="WRB" lemma="Where" phon="!we@" >Where</w> 
<w pos="DT" lemma="the" phon="D@" >the</w> 
<w pos="NNS" lemma="map" phon="!m{ps" >maps</w> 
<w pos="VBP" lemma="eat" phon="!et" >ate</w> 
<w pos="NN" lemma="spread" phon="!spred" >spread</w>,</l>
<l n="7"><w pos="PRP$" lemma="His" phon="hIz" >His</w> 
<w pos="NNS" lemma="eye" phon="!aIz" >eyes</w> 
<w pos="VBN" lemma="fix" phon="!fIkst" >fixed</w> 
<w pos="IN" lemma="upon" phon="@-!pQn" >upon</w> 
<w pos="NN" lemma="nothing" phon="!nV-TIN" >nothing</w>,</l>
<l n="8"><w pos="DT" lemma="A" phon="@" >A</w> 
<w pos="NN" lemma="hand" phon="!h{nd" >hand</w> 
<w pos="IN" lemma="under" phon="!Vn-d@" >under</w> 
<w pos="PRP$" lemma="his" phon="hIz" >his</w> 
<w pos="NN" lemma="head" phon="!hed" >head</w>.</l>
<l n="9">
<w pos="IN" lemma="Like" phon="!laIk" >Like</w> 
<w pos="DT" lemma="a" phon="@" >a</w> 
<w pos="JJ" lemma="long-legged" phon="" >long-legged</w> 
<w pos="NN" lemma="fly" phon="!flaI" >fly</w> 
<w pos="IN" lemma="upon" phon="@-!pQn" >upon</w> 
<w pos="DT" lemma="the" phon="D@" >the</w> 
<w pos="NN" lemma="stream" phon="!stri:m" >stream</w> </l>
<l n="10"><w pos="PRP$" lemma="His" phon="hIz" >His</w> 
<w pos="NN" lemma="mind" phon="!maInd" >mind</w> 
<w pos="VBZ" lemma="move" phon="!mu:vz" >moves</w> 
<w pos="IN" lemma="upon" phon="@-!pQn" >upon</w> 
<w pos="NN" lemma="silence" phon="!saI-l@ns" >silence</w>.</l>
<l n="11">
<w pos="IN" lemma="That" phon="!D{t" >That</w> 
<w pos="DT" lemma="the" phon="D@" >the</w> 
<w pos="NN" lemma="topless" phon="!tQp-l@s" >topless</w> 
<w pos="NNS" lemma="tower" phon="!taU-@z" >towers</w> 
<w pos="VB" lemma="be" phon="bi:" >be</w> 
<w pos="VBN" lemma="burn" phon="!b3:nt" >burnt</w> </l>
<l n="12"><w pos="CC" lemma="And" phon="@n" >And</w> 
<w pos="NNS" lemma="men" phon="!men" >men</w> 
<w pos="VBP" lemma="recall" phon="rI-!kQl" >recall</w> 
<w pos="IN" lemma="that" phon="!D{t" >that</w> 
<w pos="NN" lemma="face" phon="!feIs" >face</w>,</l>
<l n="13">
<w pos="NNP" lemma="Move" phon="!mu:v" >Move</w> 
<w pos="RBS" lemma="most" phon="!m@Ust" >most</w> 
<w pos="RB" lemma="gently" phon="!dZent-lI" >gently</w> 
<w pos="IN" lemma="if" phon="!If" >if</w> 
<w pos="NN" lemma="move" phon="!mu:v" >move</w> 
<w pos="PRP" lemma="you" phon="ju:" >you</w> 
<w pos="MD" lemma="must" phon="!mVst" >must</w> </l>
<l n="14"><w pos="IN" lemma="In" phon="In" >In</w> 
<w pos="DT" lemma="this" phon="!DIs" >this</w> 
<w pos="JJ" lemma="lonely" phon="!l@Un-lI" >lonely</w> 
<w pos="NN" lemma="place" phon="!pleIs" >place</w>.</l>
<l n="15"><w pos="PRP" lemma="She" phon="!Si:" >She</w> 
<w pos="VBZ" lemma="think" phon="!TINks" >thinks</w>,
<w pos="NN" lemma="part" phon="!pa:t" >part</w> 
<w pos="NN" lemma="woman" phon="!wQ-m@n" >woman</w>,
<w pos="CD" lemma="three" phon="!Tri:" >three</w> 
<w pos="NNS" lemma="part" phon="!pa:ts" >parts</w> 
<w pos="DT" lemma="a" phon="@" >a</w> 
<w pos="NN" lemma="child" phon="!tSaIld" >child</w>,</l>
<l n="16"><w pos="DT" lemma="That" phon="!D{t" >That</w> 
<w pos="NN" lemma="nobody" phon="!n@U-b@-dI" >nobody</w> 
<w pos="VBZ" lemma="look" phon="!lUks" >looks</w>;
<w pos="PRP$" lemma="her" phon="!h3:" >her</w> 
<w pos="NNS" lemma="foot" phon="!fi:t" >feet</w> </l>
<l n="17">
<w pos="VB" lemma="Practise" phon="!pr{k-tIs" >Practise</w> 
<w pos="DT" lemma="a" phon="@" >a</w> 
<w pos="NN" lemma="tinker" phon="tIN-k@" >tinker</w> 
<w pos="NN" lemma="shuffle" phon="!SV-fl" >shuffle</w> </l>
<l n="18"><w pos="VBN" lemma="Picked" phon="!pIkt" >Picked</w> 
<w pos="RP" lemma="up" phon="!Vp" >up</w> 
<w pos="IN" lemma="on" phon="Qn" >on</w> 
<w pos="DT" lemma="a" phon="@" >a</w> 
<w pos="NN" lemma="street" phon="!stri:t" >street</w>.</l>
<l n="19">
<w pos="IN" lemma="Like" phon="!laIk" >Like</w> 
<w pos="DT" lemma="a" phon="@" >a</w> 
<w pos="JJ" lemma="long-legged" phon="" >long-legged</w> 
<w pos="NN" lemma="fly" phon="!flaI" >fly</w> 
<w pos="IN" lemma="upon" phon="@-!pQn" >upon</w> 
<w pos="DT" lemma="the" phon="D@" >the</w> 
<w pos="NN" lemma="stream" phon="!stri:m" >stream</w> </l>
<l n="20"><w pos="PRP$" lemma="Her" phon="!h3:" >Her</w> 
<w pos="NN" lemma="mind" phon="!maInd" >mind</w> 
<w pos="VBZ" lemma="move" phon="!mu:vz" >moves</w> 
<w pos="IN" lemma="upon" phon="@-!pQn" >upon</w> 
<w pos="NN" lemma="silence" phon="!saI-l@ns" >silence</w>.</l>
<l n="21">
<w pos="DT" lemma="That" phon="!D{t" >That</w> 
<w pos="NNS" lemma="girl" phon="!g3:lz" >girls</w> 
<w pos="IN" lemma="at" phon="{t" >at</w> 
<w pos="NN" lemma="puberty" phon="!p-ju-b@-tI" >puberty</w> 
<w pos="MD" lemma="may" phon="!meI" >may</w> 
<w pos="VB" lemma="find" phon="!faInd" >find</w> </l>
<l n="22"><w pos="DT" lemma="The" phon="D@" >The</w> 
<w pos="JJ" lemma="first" phon="!f3:st" >first</w> 
<w pos="NNP" lemma="Adam" phon="!{-d@m" >Adam</w> 
<w pos="IN" lemma="in" phon="In" >in</w> 
<w pos="PRP$" lemma="their" phon="!De@" >their</w> 
<w pos="NN" lemma="thought" phon="!TO:t" >thought</w>,</l>
<l n="23"><w pos="NNP" lemma="Shut" phon="!SVt" >Shut</w> 
<w pos="DT" lemma="the" phon="D@" >the</w> 
<w pos="NN" lemma="door" phon="!dO:" >door</w> 
<w pos="IN" lemma="of" phon="Qv" >of</w> 
<w pos="DT" lemma="the" phon="D@" >the</w> 
<w pos="NNP" lemma="Pope" phon="!p@Up" >Pope</w> 
<w pos="POS" lemma="'s" phon="" >'s</w> 
<w pos="NN" lemma="chapel" phon="!tS{-p@l" >chapel</w>,</l>
<l n="24"><w pos="NNP" lemma="Keep" phon="!ki:p" >Keep</w> 
<w pos="DT" lemma="those" phon="!D@Uz" >those</w> 
<w pos="NNS" lemma="child" phon="!tSIl-dr@n" >children</w> 
<w pos="RP" lemma="out" phon="!aUt" >out</w>.</l>
<l n="25">
<w pos="EX" lemma="There" phon="!De@" >There</w> 
<w pos="IN" lemma="on" phon="Qn" >on</w> 
<w pos="DT" lemma="that" phon="!D{t" >that</w> 
<w pos="VBG" lemma="scaffold" phon="!sk{-f@l-dIN" >scaffolding</w> 
<w pos="NNS" lemma="reclines" phon="rI-!k-laI-nz" >reclines</w> </l>
<l n="26"><w pos="NNP" lemma="Michael" phon="!maI-kl" >Michael</w> 
<w pos="NNP" lemma="Angelo" phon="" >Angelo</w>.</l>
<l n="27">
<w pos="IN" lemma="With" phon="!wID" >With</w> 
<w pos="DT" lemma="no" phon="!n@U" >no</w> 
<w pos="RBR" lemma="more" phon="!mO:" >more</w> 
<w pos="NN" lemma="sound" phon="!saUnd" >sound</w> 
<w pos="IN" lemma="than" phon="!D{n" >than</w> 
<w pos="DT" lemma="the" phon="D@" >the</w> 
<w pos="NNS" lemma="mouse" phon="m-aIs" >mice</w> 
<w pos="VBP" lemma="make" phon="!meIk" >make</w> </l>
<l n="28"><w pos="PRP$" lemma="His" phon="hIz" >His</w> 
<w pos="NN" lemma="hand" phon="!h{nd" >hand</w> 
<w pos="NNS" lemma="move" phon="!mu:vz" >moves</w> 
<w pos="TO" lemma="to" phon="t@" >to</w> 
<w pos="CC" lemma="and" phon="@n" >and</w> 
<w pos="VB" lemma="fro" phon="!fr@U" >fro</w>.</l>
<l n="29">
<w pos="IN" lemma="Like" phon="!laIk" >Like</w> 
<w pos="DT" lemma="a" phon="@" >a</w> 
<w pos="JJ" lemma="long-legged" phon="" >long-legged</w> 
<w pos="NN" lemma="fly" phon="!flaI" >fly</w> 
<w pos="IN" lemma="upon" phon="@-!pQn" >upon</w> 
<w pos="DT" lemma="the" phon="D@" >the</w> 
<w pos="NN" lemma="stream" phon="!stri:m" >stream</w> </l>
<l n="30"><w pos="PRP$" lemma="His" phon="hIz" >His</w> 
<w pos="NN" lemma="mind" phon="!maInd" >mind</w> 
<w pos="VBZ" lemma="move" phon="!mu:vz" >moves</w> 
<w pos="IN" lemma="upon" phon="@-!pQn" >upon</w> 
<w pos="NN" lemma="silence" phon="!saI-l@ns" >silence</w>.</l>
</lg></body>
		   </text>
		</TEI>
		