<?xml version="1.0" encoding="UTF-8"?>
<?xml-model href="http://www.tei-c.org/release/xml/tei/custom/schema/relaxng/tei_all.rng" type="application/xml" schematypens="http://relaxng.org/ns/structure/1.0"?>
<?xml-model href="http://www.tei-c.org/release/xml/tei/custom/schema/relaxng/tei_all.rng" type="application/xml"
	schematypens="http://purl.oclc.org/dsdl/schematron"?>
<TEI xmlns="http://www.tei-c.org/ns/1.0">
  <teiHeader>
      <fileDesc>
         <titleStmt>
            <title>Title</title>
         </titleStmt>
         <publicationStmt>
            <p>Publication Information</p>
         </publicationStmt>
         <sourceDesc>
            <p>Information about the source</p>
         </sourceDesc>
      </fileDesc>
  </teiHeader><text>
      <body><head><title>NEVER GIVE ALL THE HEART</title></head>
<lg n="s1">
<l n="1"><w pos="NNP" lemma="NEVER" phon="!ne-v@" >NEVER</w> 
<w pos="VBP" lemma="give" phon="!gIv" >give</w> 
<w pos="PDT" lemma="all" phon="O:l" >all</w> 
<w pos="DT" lemma="the" phon="D@" >the</w> 
<w pos="NN" lemma="heart" phon="!ha:t" >heart</w>,
<w pos="IN" lemma="for" phon="fQ" >for</w> 
<w pos="NN" lemma="love" phon="!lVv" >love</w> </l>
<l n="2">
<w pos="MD" lemma="Will" phon="!wIl" >Will</w> 
<w pos="RB" lemma="hardly" phon="!ha:d-lI" >hardly</w> 
<w pos="VB" lemma="seem" phon="!si:m" >seem</w> 
<w pos="JJ" lemma="worth" phon=":w3:T" >worth</w> 
<w pos="NN" lemma="thinking" phon="!TIN-kIN" >thinking</w> 
<w pos="IN" lemma="of" phon="Qv" >of</w> </l>
<l n="3">
<w pos="TO" lemma="To" phon="t@" >To</w> 
<w pos="VB" lemma="passionate" phon="" >passionate</w> 
<w pos="NNS" lemma="woman" phon="!wI-mIn" >women</w> 
<w pos="IN" lemma="if" phon="!If" >if</w> 
<w pos="PRP" lemma="it" phon="It" >it</w> 
<w pos="VBP" lemma="seem" phon="!si:m" >seem</w> </l>
<l n="4"><w pos="NNP" lemma="Certain" phon="!s3:-tn" >Certain</w>,
<w pos="CC" lemma="and" phon="@n" >and</w> 
<w pos="PRP" lemma="they" phon="!DeI" >they</w> 
<w pos="RB" lemma="never" phon="!ne-v@" >never</w> 
<w pos="VBP" lemma="dream" phon="!dri:m" >dream</w> </l>
<l n="5"><w pos="IN" lemma="That" phon="!D{t" >That</w> 
<w pos="PRP" lemma="it" phon="It" >it</w> 
<w pos="VBZ" lemma="fade" phon="!feIdz" >fades</w> 
<w pos="RP" lemma="out" phon="!aUt" >out</w> 
<w pos="IN" lemma="from" phon="!frQm" >from</w> 
<w pos="NN" lemma="kiss" phon="!kIs" >kiss</w> 
<w pos="TO" lemma="to" phon="t@" >to</w> 
<w pos="VB" lemma="kiss" phon="!kIs" >kiss</w>;</l>
<l n="6">
<w pos="IN" lemma="For" phon="fQ" >For</w> 
<w pos="NN" lemma="everything" phon="!e-vrI-TIN" >everything</w> 
<w pos="WDT" lemma="that" phon="!D{t" >that</w> 
<w pos="VBZ" lemma="'s" phon="" >'s</w> 
<w pos="RB" lemma="lovely" phon="!lVv-lI" >lovely</w> 
<w pos="VBZ" lemma="be" phon="!Iz" >is</w> </l>
<l n="7"><w pos="CC" lemma="But" phon="!bVt" >But</w> 
<w pos="DT" lemma="a" phon="@" >a</w> 
<w pos="JJ" lemma="brief" phon="!bri:f" >brief</w>,
<w pos="JJ" lemma="dreamy" phon="!d-ri-mI" >dreamy</w>.
<w pos="NN" lemma="kind" phon="!kaInd" >kind</w> 
<w pos="NN" lemma="delight" phon="dI-!laIt" >delight</w>.</l>
<l n="8"><w pos="NNP" lemma="O" phon="@U" >O</w> 
<w pos="RB" lemma="never" phon="!ne-v@" >never</w> 
<w pos="VBP" lemma="give" phon="!gIv" >give</w> 
<w pos="DT" lemma="the" phon="D@" >the</w> 
<w pos="NN" lemma="heart" phon="!ha:t" >heart</w> 
<w pos="NN" lemma="outright" phon="!aUt-r-aIt" >outright</w>,</l>
<l n="9"><w pos="IN" lemma="For" phon="fQ" >For</w> 
<w pos="PRP" lemma="they" phon="!DeI" >they</w>,
<w pos="IN" lemma="for" phon="fQ" >for</w> 
<w pos="DT" lemma="all" phon="O:l" >all</w> 
<w pos="JJ" lemma="smooth" phon="!smu:D" >smooth</w> 
<w pos="NNS" lemma="lip" phon="!lIps" >lips</w> 
<w pos="MD" lemma="can" phon="!k{n" >can</w> 
<w pos="VB" lemma="say" phon="!seI" >say</w>,</l>
<l n="10"><w pos="VB" lemma="Have" phon="h{v" >Have</w> 
<w pos="VBN" lemma="give" phon="!gI-vn" >given</w> 
<w pos="PRP$" lemma="their" phon="!De@" >their</w> 
<w pos="NNS" lemma="heart" phon="!ha:ts" >hearts</w> 
<w pos="IN" lemma="up" phon="!Vp" >up</w> 
<w pos="TO" lemma="to" phon="t@" >to</w> 
<w pos="DT" lemma="the" phon="D@" >the</w> 
<w pos="NN" lemma="play" phon="!pleI" >play</w>.</l>
<l n="11">
<w pos="CC" lemma="And" phon="@n" >And</w> 
<w pos="WP" lemma="who" phon="!hu:" >who</w> 
<w pos="MD" lemma="could" phon="!kUd" >could</w> 
<w pos="VB" lemma="play" phon="!pleI" >play</w> 
<w pos="PRP" lemma="it" phon="It" >it</w> 
<w pos="RB" lemma="well" phon="!wel" >well</w> 
<w pos="RB" lemma="enough" phon="I-!nVf" >enough</w> </l>
<l n="12"><w pos="IN" lemma="If" phon="!If" >If</w> 
<w pos="NN" lemma="deaf" phon="!def" >deaf</w> 
<w pos="CC" lemma="and" phon="@n" >and</w> 
<w pos="NN" lemma="dumb" phon="!dVm" >dumb</w> 
<w pos="CC" lemma="and" phon="@n" >and</w> 
<w pos="NN" lemma="blind" phon="!blaInd" >blind</w> 
<w pos="IN" lemma="with" phon="!wID" >with</w> 
<w pos="NN" lemma="love" phon="!lVv" >love</w>?</l>
<l n="13"><w pos="PRP" lemma="He" phon="hi: " >He</w> 
<w pos="RB" lemma="that" phon="!D{t" >that</w> 
<w pos="VBD" lemma="make" phon="!meId" >made</w> 
<w pos="DT" lemma="this" phon="!DIs" >this</w> 
<w pos="VBZ" lemma="know" phon="!n@Uz" >knows</w> 
<w pos="PDT" lemma="all" phon="O:l" >all</w> 
<w pos="DT" lemma="the" phon="D@" >the</w> 
<w pos="NN" lemma="cost" phon="kQ-st" >cost</w>,</l>
<l n="14"><w pos="IN" lemma="For" phon="fQ" >For</w> 
<w pos="PRP" lemma="he" phon="hi: " >he</w> 
<w pos="VBD" lemma="give" phon="!geIv" >gave</w> 
<w pos="PDT" lemma="all" phon="O:l" >all</w> 
<w pos="PRP$" lemma="his" phon="hIz" >his</w> 
<w pos="NN" lemma="heart" phon="!ha:t" >heart</w> 
<w pos="CC" lemma="and" phon="@n" >and</w> 
<w pos="VBN" lemma="lose" phon="!lQst" >lost</w>.</l>
</lg></body>
		   </text>
		</TEI>
		