<?xml version="1.0" encoding="UTF-8"?>
<?xml-model href="http://www.tei-c.org/release/xml/tei/custom/schema/relaxng/tei_all.rng" type="application/xml" schematypens="http://relaxng.org/ns/structure/1.0"?>
<?xml-model href="http://www.tei-c.org/release/xml/tei/custom/schema/relaxng/tei_all.rng" type="application/xml"
	schematypens="http://purl.oclc.org/dsdl/schematron"?>
<TEI xmlns="http://www.tei-c.org/ns/1.0">
  <teiHeader>
      <fileDesc>
         <titleStmt>
            <title>Title</title>
         </titleStmt>
         <publicationStmt>
            <p>Publication Information</p>
         </publicationStmt>
         <sourceDesc>
            <p>Information about the source</p>
         </sourceDesc>
      </fileDesc>
  </teiHeader><text>
      <body><head><title>NO SECOND TROY</title></head>
<lg n="s1">
<l n="1">
<w pos="WRB" lemma="WHY" phon="!waI" >WHY</w> 
<w pos="MD" lemma="should" phon="!SUd" >should</w> 
<w pos="PRP" lemma="I" phon="aI" >I</w> 
<w pos="VB" lemma="blame" phon="b-leIm" >blame</w> 
<w pos="PRP$" lemma="her" phon="!h3:" >her</w> 
<w pos="IN" lemma="that" phon="!D{t" >that</w> 
<w pos="PRP" lemma="she" phon="!Si:" >she</w> 
<w pos="VBD" lemma="fill" phon="!fIld" >filled</w> 
<w pos="PRP$" lemma="my" phon="!maI" >my</w> 
<w pos="NNS" lemma="day" phon="!deIz" >days</w> </l>
<l n="2"><w pos="IN" lemma="With" phon="!wID" >With</w> 
<w pos="NN" lemma="misery" phon="" >misery</w>,
<w pos="CC" lemma="or" phon="Q" >or</w> 
<w pos="IN" lemma="that" phon="!D{t" >that</w> 
<w pos="PRP" lemma="she" phon="!Si:" >she</w> 
<w pos="MD" lemma="would" phon=":wUd" >would</w> 
<w pos="IN" lemma="of" phon="Qv" >of</w> 
<w pos="JJ" lemma="late" phon="!leIt" >late</w> </l>
<l n="3"><w pos="VB" lemma="Have" phon="h{v" >Have</w> 
<w pos="VBN" lemma="teach" phon="!tO:t" >taught</w> 
<w pos="TO" lemma="to" phon="t@" >to</w> 
<w pos="VB" lemma="ignorant" phon="!Ig-n@-r@nt" >ignorant</w> 
<w pos="NNS" lemma="men" phon="!men" >men</w> 
<w pos="RBS" lemma="most" phon="!m@Ust" >most</w> 
<w pos="JJ" lemma="violent" phon="!vaI-@-l@nt" >violent</w> 
<w pos="NNS" lemma="way" phon="!weIz" >ways</w>,</l>
<l n="4"><w pos="CC" lemma="Or" phon="Q" >Or</w> 
<w pos="VBD" lemma="hurl" phon="!h3:ld" >hurled</w> 
<w pos="DT" lemma="the" phon="D@" >the</w> 
<w pos="JJ" lemma="little" phon="!lI-tl" >little</w> 
<w pos="NNS" lemma="street" phon="!stri:ts" >streets</w> 
<w pos="IN" lemma="upon" phon="@-!pQn" >upon</w> 
<w pos="DT" lemma="the" phon="D@" >the</w> 
<w pos="JJ" lemma="great" phon="!greIt
" >great</w>.</l>
<l n="5"><w pos="NNP" lemma="Had" phon="!h{d" >Had</w> 
<w pos="PRP" lemma="they" phon="!DeI" >they</w> 
<w pos="CC" lemma="but" phon="!bVt" >but</w> 
<w pos="VBP" lemma="courage" phon="!kV-rIdZ" >courage</w> 
<w pos="JJ" lemma="equal" phon="!i:-kw@l" >equal</w> 
<w pos="TO" lemma="to" phon="t@" >to</w> 
<w pos="VB" lemma="desire" phon="dI-!zaI-@" >desire</w>?</l>
<l n="6">
<w pos="WP" lemma="What" phon="!wQt" >What</w> 
<w pos="MD" lemma="could" phon="!kUd" >could</w> 
<w pos="VB" lemma="have" phon="h{v" >have</w> 
<w pos="VBN" lemma="make" phon="!meId" >made</w> 
<w pos="PRP$" lemma="her" phon="!h3:" >her</w> 
<w pos="JJ" lemma="peaceful" phon="!pi:s-f@l" >peaceful</w> 
<w pos="IN" lemma="with" phon="!wID" >with</w> 
<w pos="DT" lemma="a" phon="@" >a</w> 
<w pos="NN" lemma="mind" phon="!maInd" >mind</w> </l>
<l n="7"><w pos="DT" lemma="That" phon="!D{t" >That</w> 
<w pos="NN" lemma="nobleness" phon="" >nobleness</w> 
<w pos="VBD" lemma="make" phon="!meId" >made</w> 
<w pos="JJ" lemma="simple" phon="!sIm-p@l" >simple</w> 
<w pos="IN" lemma="a" phon="@z" >as</w> 
<w pos="DT" lemma="a" phon="@" >a</w> 
<w pos="NN" lemma="fire" phon="!faI-@" >fire</w>,</l>
<l n="8"><w pos="IN" lemma="With" phon="!wID" >With</w> 
<w pos="NN" lemma="beauty" phon="!bju-tI" >beauty</w> 
<w pos="IN" lemma="like" phon="!laIk" >like</w> 
<w pos="DT" lemma="a" phon="@" >a</w> 
<w pos="JJ" lemma="tightened" phon="!t-aI-t-nd" >tightened</w> 
<w pos="NN" lemma="bow" phon="!baU" >bow</w>,
<w pos="DT" lemma="a" phon="@" >a</w> 
<w pos="NN" lemma="kind" phon="!kaInd" >kind</w> </l>
<l n="9"><w pos="DT" lemma="That" phon="!D{t" >That</w> 
<w pos="VBZ" lemma="be" phon="!Iz" >is</w> 
<w pos="RB" lemma="not" phon="!nQt" >not</w> 
<w pos="JJ" lemma="natural" phon="!n{-tS@-r@l" >natural</w> 
<w pos="IN" lemma="in" phon="In" >in</w> 
<w pos="DT" lemma="an" phon="@n" >an</w> 
<w pos="NN" lemma="age" phon="!eIdZ" >age</w> 
<w pos="IN" lemma="like" phon="!laIk" >like</w> 
<w pos="DT" lemma="this" phon="!DIs" >this</w>,</l>
<l n="10"><w pos="VBG" lemma="Being" phon="!bi:-IN" >Being</w> 
<w pos="JJ" lemma="high" phon="!haI" >high</w> 
<w pos="CC" lemma="and" phon="@n" >and</w> 
<w pos="JJ" lemma="solitary" phon="!sQ-lI-t@-rI" >solitary</w> 
<w pos="CC" lemma="and" phon="@n" >and</w> 
<w pos="JJS" lemma="most" phon="!m@Ust" >most</w> 
<w pos="JJ" lemma="stern" phon="!st3:n" >stern</w>?</l>
<l n="11"><w pos="WRB" lemma="Why" phon="!waI" >Why</w>,
<w pos="WP" lemma="what" phon="!wQt" >what</w> 
<w pos="MD" lemma="could" phon="!kUd" >could</w> 
<w pos="PRP" lemma="she" phon="!Si:" >she</w> 
<w pos="VB" lemma="have" phon="h{v" >have</w> 
<w pos="VBN" lemma="do" phon="!dVn" >done</w>,
<w pos="VBG" lemma="be" phon="!bi:-IN" >being</w> 
<w pos="WP" lemma="what" phon="!wQt" >what</w> 
<w pos="PRP" lemma="she" phon="!Si:" >she</w> 
<w pos="VBZ" lemma="be" phon="!Iz" >is</w>?</l>
<l n="12"><w pos="NNP" lemma="Was" phon="wQz" >Was</w> 
<w pos="EX" lemma="there" phon="!De@" >there</w> 
<w pos="DT" lemma="another" phon="@-!nV-D@" >another</w> 
<w pos="NN" lemma="Troy" phon="troI" >Troy</w> 
<w pos="IN" lemma="for" phon="fQ" >for</w> 
<w pos="PRP$" lemma="her" phon="!h3:" >her</w> 
<w pos="TO" lemma="to" phon="t@" >to</w> 
<w pos="VB" lemma="burn" phon="!b3:n" >burn</w>?</l>
</lg></body>
		   </text>
		</TEI>
		