<?xml version="1.0" encoding="UTF-8"?>
<?xml-model href="http://www.tei-c.org/release/xml/tei/custom/schema/relaxng/tei_all.rng" type="application/xml" schematypens="http://relaxng.org/ns/structure/1.0"?>
<?xml-model href="http://www.tei-c.org/release/xml/tei/custom/schema/relaxng/tei_all.rng" type="application/xml"
	schematypens="http://purl.oclc.org/dsdl/schematron"?>
<TEI xmlns="http://www.tei-c.org/ns/1.0">
  <teiHeader>
      <fileDesc>
         <titleStmt>
            <title>Title</title>
         </titleStmt>
         <publicationStmt>
            <p>Publication Information</p>
         </publicationStmt>
         <sourceDesc>
            <p>Information about the source</p>
         </sourceDesc>
      </fileDesc>
  </teiHeader><text>
      <body><head><title>Sunday Morning</title></head>
<lg n="s1">
<l n="1"><w pos="IN" lemma="Down" phon="!daUn" >Down</w> 
<w pos="DT" lemma="the" phon="D@" >the</w> 
<w pos="NN" lemma="road" phon="!r@Ud" >road</w> 
<w pos="NN" lemma="someone" phon="!sVm-wVn" >someone</w> 
<w pos="VBZ" lemma="be" phon="!Iz" >is</w> 
<w pos="VBG" lemma="practise" phon="!pr{k-tI-%sIN" >practising</w> 
<w pos="NNS" lemma="scale" phon="!skeIlz" >scales</w>,</l>
<l n="2"><w pos="DT" lemma="The" phon="D@" >The</w> 
<w pos="NNS" lemma="note" phon="!n@Uts" >notes</w> 
<w pos="IN" lemma="like" phon="!laIk" >like</w> 
<w pos="JJ" lemma="little" phon="!lI-tl" >little</w> 
<w pos="NNS" lemma="fish" phon="!fI-SIz" >fishes</w> 
<w pos="JJ" lemma="vanish" phon="!ve-nIS" >vanish</w> 
<w pos="IN" lemma="with" phon="!wID" >with</w> 
<w pos="DT" lemma="a" phon="@" >a</w> 
<w pos="NN" lemma="wink" phon="!wINk" >wink</w> 
<w pos="IN" lemma="of" phon="Qv" >of</w> 
<w pos="NNS" lemma="tail" phon="!teIlz" >tails</w>,</l>
<l n="3">
<w pos="NN" lemma="Man" phon="!m{n" >Man</w> 
<w pos="POS" lemma="'s" phon="" >'s</w> 
<w pos="NN" lemma="heart" phon="!ha:t" >heart</w> 
<w pos="VBZ" lemma="expand" phon="Ik-!sp{ndz" >expands</w> 
<w pos="TO" lemma="to" phon="t@" >to</w> 
<w pos="VB" lemma="tinker" phon="tIN-k@" >tinker</w> 
<w pos="IN" lemma="with" phon="!wID" >with</w> 
<w pos="PRP$" lemma="his" phon="hIz" >his</w> 
<w pos="NN" lemma="car" phon="!ka:" >car</w> </l>
<l n="4"><w pos="IN" lemma="For" phon="fQ" >For</w> 
<w pos="DT" lemma="this" phon="!DIs" >this</w> 
<w pos="VBZ" lemma="be" phon="!Iz" >is</w> 
<w pos="NNP" lemma="Sunday" phon="!sVn-deI" >Sunday</w> 
<w pos="NN" lemma="morning" phon="!mO:-nIN" >morning</w>,
<w pos="NNP" lemma="Fate" phon="!feIt" >Fate</w> 
<w pos="POS" lemma="'s" phon="" >'s</w> 
<w pos="JJ" lemma="great" phon="!greIt
" >great</w> 
<w pos="NN" lemma="bazaar" phon="b{-!za:" >bazaar</w>;</l>
<l n="5"><w pos="NNP" lemma="Regard" phon="rI-!ga:d" >Regard</w> 
<w pos="DT" lemma="these" phon="!Di:z" >these</w> 
<w pos="NNS" lemma="mean" phon="!mi:nz" >means</w> 
<w pos="IN" lemma="a" phon="@z" >as</w> 
<w pos="NNS" lemma="end" phon="!endz" >ends</w>,
<w pos="NN" lemma="concentrate" phon="!kQn-sen-%treIt" >concentrate</w> 
<w pos="IN" lemma="on" phon="Qn" >on</w> 
<w pos="DT" lemma="this" phon="!DIs" >this</w> 
<w pos="RB" lemma="Now" phon="!naU" >Now</w>,</l></lg>
<lg n="s2">
<l n="6"><w pos="CC" lemma="And" phon="@n" >And</w> 
<w pos="PRP" lemma="you" phon="ju:" >you</w> 
<w pos="MD" lemma="may" phon="!meI" >may</w> 
<w pos="VB" lemma="grow" phon="!gr@U" >grow</w> 
<w pos="TO" lemma="to" phon="t@" >to</w> 
<w pos="NN" lemma="music" phon="!mju-zIk" >music</w> 
<w pos="CC" lemma="or" phon="Q" >or</w> 
<w pos="JJ" lemma="drive" phon="!draIv" >drive</w> 
<w pos="IN" lemma="beyond" phon="bI-!jQnd" >beyond</w> 
<w pos="NNP" lemma="Hindhead" phon="!haInd-hed" >Hindhead</w> 
<w pos="NN" lemma="anyhow" phon="!e-ni-haU" >anyhow</w>,</l>
<l n="7">
<w pos="VB" lemma="Take" phon="!teIk" >Take</w> 
<w pos="NNS" lemma="corner" phon="!kO:-n@z" >corners</w> 
<w pos="IN" lemma="on" phon="Qn" >on</w> 
<w pos="CD" lemma="two" phon="!tu:" >two</w> 
<w pos="NNS" lemma="wheel" phon="!wi:lz" >wheels</w> 
<w pos="IN" lemma="until" phon="@n-!tIl" >until</w> 
<w pos="PRP" lemma="you" phon="ju:" >you</w> 
<w pos="VBP" lemma="go" phon="!g@U" >go</w> 
<w pos="RB" lemma="so" phon="!s@U" >so</w> 
<w pos="RB" lemma="fast" phon="!fa:st" >fast</w> </l>
<l n="8"><w pos="IN" lemma="That" phon="!D{t" >That</w> 
<w pos="PRP" lemma="you" phon="ju:" >you</w> 
<w pos="MD" lemma="can" phon="!k{n" >can</w> 
<w pos="VB" lemma="clutch" phon="!klVtS" >clutch</w> 
<w pos="DT" lemma="a" phon="@" >a</w> 
<w pos="NN" lemma="fringe" phon="!frIndZ" >fringe</w> 
<w pos="CC" lemma="or" phon="Q" >or</w> 
<w pos="CD" lemma="two" phon="!tu:" >two</w> 
<w pos="IN" lemma="of" phon="Qv" >of</w> 
<w pos="DT" lemma="the" phon="D@" >the</w> 
<w pos="NN" lemma="windy" phon="!wIn-dI" >windy</w> 
<w pos="NN" lemma="past" phon="!pa:st" >past</w>,</l>
<l n="9">
<w pos="IN" lemma="That" phon="!D{t" >That</w> 
<w pos="PRP" lemma="you" phon="ju:" >you</w> 
<w pos="MD" lemma="can" phon="!k{n" >can</w> 
<w pos="VB" lemma="abstract" phon="{b-!str{kt" >abstract</w> 
<w pos="DT" lemma="this" phon="!DIs" >this</w> 
<w pos="NN" lemma="day" phon="!deI" >day</w> 
<w pos="CC" lemma="and" phon="@n" >and</w> 
<w pos="VB" lemma="make" phon="!meIk" >make</w> 
<w pos="PRP" lemma="it" phon="It" >it</w> 
<w pos="TO" lemma="to" phon="t@" >to</w> 
<w pos="DT" lemma="the" phon="D@" >the</w> 
<w pos="NN" lemma="week" phon="!wi:k" >week</w> 
<w pos="IN" lemma="of" phon="Qv" >of</w> 
<w pos="NN" lemma="time" phon="!taIm" >time</w> </l>
<l n="10"><w pos="DT" lemma="A" phon="@" >A</w> 
<w pos="JJ" lemma="small" phon="!smQl" >small</w> 
<w pos="NN" lemma="eternity" phon="i:-!t3:-nI-tI" >eternity</w>,
<w pos="DT" lemma="a" phon="@" >a</w> 
<w pos="JJ" lemma="sonnet" phon="!sQ-nIt" >sonnet</w> 
<w pos="JJ" lemma="self-contained" phon="!self-k@n-%teind" >self-contained</w> 
<w pos="IN" lemma="in" phon="In" >in</w> 
<w pos="NN" lemma="rhyme" phon="!raIm" >rhyme</w>.</l></lg>
<lg n="s3">
<l n="11"><w pos="CC" lemma="But" phon="!bVt" >But</w> 
<w pos="NN" lemma="listen" phon="!lI-s@n" >listen</w>,
<w pos="IN" lemma="up" phon="!Vp" >up</w> 
<w pos="DT" lemma="the" phon="D@" >the</w> 
<w pos="NN" lemma="road" phon="!r@Ud" >road</w>,
<w pos="NN" lemma="something" phon="!sVm-TIN" >something</w> 
<w pos="NNS" lemma="gulp" phon="!gVlps" >gulps</w>,
<w pos="DT" lemma="the" phon="D@" >the</w> 
<w pos="NN" lemma="church" phon="!tS3:tS" >church</w> 
<w pos="NN" lemma="spire" phon="!spaI-@" >spire</w> </l>
<l n="12"><w pos="VB" lemma="Open" phon="!@U-p@n" >Open</w> 
<w pos="PRP$" lemma="it" phon="Its" >its</w> 
<w pos="CD" lemma="eight" phon="!eIt" >eight</w> 
<w pos="NNS" lemma="bell" phon="!belz" >bells</w> 
<w pos="RP" lemma="out" phon="!aUt" >out</w>,
<w pos="NNS" lemma="skull" phon="!skVlz" >skulls</w>'
<w pos="NNS" lemma="mouth" phon="!maUDz" >mouths</w> 
<w pos="WDT" lemma="which" phon="!wItS" >which</w> 
<w pos="MD" lemma="will" phon="!wIl" >will</w> 
<w pos="RB" lemma="not" phon="!nQt" >not</w> 
<w pos="VB" lemma="tire" phon="!taI-@" >tire</w> </l>
<l n="13">
<w pos="TO" lemma="To" phon="t@" >To</w> 
<w pos="VB" lemma="tell" phon="!tel" >tell</w> 
<w pos="WRB" lemma="how" phon="!haU" >how</w> 
<w pos="EX" lemma="there" phon="!De@" >there</w> 
<w pos="VBZ" lemma="be" phon="!Iz" >is</w> 
<w pos="DT" lemma="no" phon="!n@U" >no</w> 
<w pos="NN" lemma="music" phon="!mju-zIk" >music</w> 
<w pos="CC" lemma="or" phon="Q" >or</w> 
<w pos="NN" lemma="movement" phon="!mu:v-m@nt" >movement</w> 
<w pos="WDT" lemma="which" phon="!wItS" >which</w> 
<w pos="NNS" lemma="secures" phon="sI-!kjU@z" >secures</w> </l>
<l n="14"><w pos="NN" lemma="Escape" phon="Is-!keIp" >Escape</w> 
<w pos="IN" lemma="from" phon="!frQm" >from</w> 
<w pos="DT" lemma="the" phon="D@" >the</w> 
<w pos="JJ" lemma="weekday" phon="!wi:k-deI" >weekday</w> 
<w pos="NN" lemma="time" phon="!taIm" >time</w>.
<w pos="JJ" lemma="Which" phon="!wItS" >Which</w> 
<w pos="VBZ" lemma="deaden" phon="!de-dnz" >deadens</w> 
<w pos="CC" lemma="and" phon="@n" >and</w> 
<w pos="NNS" lemma="endures" phon="In-!djU@z" >endures</w>.</l>
</lg></body>
		   </text>
		</TEI>
		