<?xml version="1.0" encoding="UTF-8"?>
<?xml-model href="http://www.tei-c.org/release/xml/tei/custom/schema/relaxng/tei_all.rng" type="application/xml" schematypens="http://relaxng.org/ns/structure/1.0"?>
<?xml-model href="http://www.tei-c.org/release/xml/tei/custom/schema/relaxng/tei_all.rng" type="application/xml"
	schematypens="http://purl.oclc.org/dsdl/schematron"?>
<TEI xmlns="http://www.tei-c.org/ns/1.0">
  <teiHeader>
      <fileDesc>
         <titleStmt>
            <title>Title</title>
         </titleStmt>
         <publicationStmt>
            <p>Publication Information</p>
         </publicationStmt>
         <sourceDesc>
            <p>Information about the source</p>
         </sourceDesc>
      </fileDesc>
  </teiHeader><text>
      <body><head><title>THE SECOND COMING</title></head>
<lg n="s1">
<l n="1">
<w pos="NN" lemma="TURNING" phon="r3:-nIN" >TURNING</w> 
<w pos="CC" lemma="and" phon="@n" >and</w> 
<w pos="NN" lemma="turning" phon="r3:-nIN" >turning</w> 
<w pos="IN" lemma="in" phon="In" >in</w> 
<w pos="DT" lemma="the" phon="D@" >the</w> 
<w pos="NN" lemma="widening" phon="!waId-nIN" >widening</w> 
<w pos="NN" lemma="gyre" phon="dZ-aI-@" >gyre</w> </l>
<l n="2"><w pos="DT" lemma="The" phon="D@" >The</w> 
<w pos="NN" lemma="falcon" phon="!fQl-k@n" >falcon</w> 
<w pos="MD" lemma="can" phon="!k{n" >can</w> 
<w pos="RB" lemma="not" phon="!nQt" >not</w> 
<w pos="VB" lemma="hear" phon="!hI@" >hear</w> 
<w pos="DT" lemma="the" phon="D@" >the</w> 
<w pos="NN" lemma="falconer" phon="fQl-k@-n@" >falconer</w>;</l>
<l n="3"><w pos="NNS" lemma="Things" phon="!TINz" >Things</w> 
<w pos="VBP" lemma="fall" phon="!fO:l" >fall</w> 
<w pos="RB" lemma="apart" phon="@-!pa:t" >apart</w>;
<w pos="DT" lemma="the" phon="D@" >the</w> 
<w pos="NN" lemma="centre" phon="!sen-t@" >centre</w> 
<w pos="MD" lemma="can" phon="!k{n" >can</w> 
<w pos="RB" lemma="not" phon="!nQt" >not</w> 
<w pos="VB" lemma="hold" phon="!h@Uld" >hold</w>;</l>
<l n="4"><w pos="NNP" lemma="Mere" phon="!mI@" >Mere</w> 
<w pos="NN" lemma="anarchy" phon="!{-n@-kI" >anarchy</w> 
<w pos="VBZ" lemma="be" phon="!Iz" >is</w> 
<w pos="VBN" lemma="loose" phon="!lu:st" >loosed</w> 
<w pos="IN" lemma="upon" phon="@-!pQn" >upon</w> 
<w pos="DT" lemma="the" phon="D@" >the</w> 
<w pos="NN" lemma="world" phon="!w3:ld" >world</w>,</l>
<l n="5"><w pos="DT" lemma="The" phon="D@" >The</w> 
<w pos="JJ" lemma="blood-dimmed" phon="" >blood-dimmed</w> 
<w pos="NN" lemma="tide" phon="!taId" >tide</w> 
<w pos="VBZ" lemma="be" phon="!Iz" >is</w> 
<w pos="VBN" lemma="loose" phon="!lu:st" >loosed</w>,
<w pos="CC" lemma="and" phon="@n" >and</w> 
<w pos="RB" lemma="everywhere" phon="!e-vrI-%we@" >everywhere</w> </l>
<l n="6"><w pos="DT" lemma="The" phon="D@" >The</w> 
<w pos="NN" lemma="ceremony" phon="!se-rI-m@-nI" >ceremony</w> 
<w pos="IN" lemma="of" phon="Qv" >of</w> 
<w pos="NN" lemma="innocence" phon="I-!n@-s@ns " >innocence</w> 
<w pos="VBZ" lemma="be" phon="!Iz" >is</w> 
<w pos="VBN" lemma="drown" phon="!draUnd" >drowned</w>;</l>
<l n="7"><w pos="DT" lemma="The" phon="D@" >The</w> 
<w pos="JJS" lemma="best" phon="!best" >best</w> 
<w pos="NN" lemma="lack" phon="!l{k" >lack</w> 
<w pos="DT" lemma="all" phon="O:l" >all</w> 
<w pos="NN" lemma="conviction" phon="k@n-!vIk-S@n" >conviction</w>,
<w pos="IN" lemma="while" phon="!waIl" >while</w> 
<w pos="DT" lemma="the" phon="D@" >the</w> 
<w pos="JJS" lemma="bad" phon="!w3st" >worst</w> </l>
<l n="8"><w pos="NNP" lemma="Are" phon="a:" >Are</w> 
<w pos="JJ" lemma="full" phon="!fUl" >full</w> 
<w pos="IN" lemma="of" phon="Qv" >of</w> 
<w pos="JJ" lemma="passionate" phon="" >passionate</w> 
<w pos="NN" lemma="intensity" phon="In-!ten-sI-tI" >intensity</w>.</l>
<l n="9"><w pos="RB" lemma="Surely" phon="!SU@-lI" >Surely</w> 
<w pos="DT" lemma="some" phon="!sVm" >some</w> 
<w pos="NN" lemma="revelation" phon="re-vI-!leI-S@n" >revelation</w> 
<w pos="VBZ" lemma="be" phon="!Iz" >is</w> 
<w pos="IN" lemma="at" phon="{t" >at</w> 
<w pos="NN" lemma="hand" phon="!h{nd" >hand</w>;</l>
<l n="10"><w pos="RB" lemma="Surely" phon="!SU@-lI" >Surely</w> 
<w pos="DT" lemma="the" phon="D@" >the</w> 
<w pos="JJ" lemma="Second" phon="!se-k@nd" >Second</w> 
<w pos="NNP" lemma="Coming" phon="!kV-mIN" >Coming</w> 
<w pos="VBZ" lemma="be" phon="!Iz" >is</w> 
<w pos="IN" lemma="at" phon="{t" >at</w> 
<w pos="NN" lemma="hand" phon="!h{nd" >hand</w>.</l>
<l n="11"><w pos="DT" lemma="The" phon="D@" >The</w> 
<w pos="NNP" lemma="Second" phon="!se-k@nd" >Second</w> 
<w pos="NNP" lemma="Coming" phon="!kV-mIN" >Coming</w>!
<w pos="RB" lemma="Hardly" phon="!ha:d-lI" >Hardly</w> 
<w pos="VBP" lemma="be" phon="a:" >are</w> 
<w pos="DT" lemma="those" phon="!D@Uz" >those</w> 
<w pos="NNS" lemma="word" phon="!w3:dz" >words</w> 
<w pos="RP" lemma="out" phon="!aUt" >out</w> </l>
<l n="12">
<w pos="WRB" lemma="When" phon="!wen" >When</w> 
<w pos="DT" lemma="a" phon="@" >a</w> 
<w pos="JJ" lemma="vast" phon="!va:st" >vast</w> 
<w pos="NN" lemma="image" phon="!I-mIdZ" >image</w> 
<w pos="IN" lemma="out" phon="!aUt" >out</w> 
<w pos="IN" lemma="of" phon="Qv" >of</w> 
<w pos="NNP" lemma="Spiritus" phon="spI-rI-t@s" >Spiritus</w> 
<w pos="NNP" lemma="Mundi" phon="" >Mundi</w> </l>
<l n="13"><w pos="NNS" lemma="Troubles" phon="!trV-blz" >Troubles</w> 
<w pos="PRP$" lemma="my" phon="!maI" >my</w> 
<w pos="NN" lemma="sight" phon="!saIt" >sight</w>:
<w pos="RB" lemma="somewhere" phon="!sVm-we@" >somewhere</w> 
<w pos="IN" lemma="in" phon="In" >in</w> 
<w pos="NNS" lemma="sand" phon="!s{ndz" >sands</w> 
<w pos="IN" lemma="of" phon="Qv" >of</w> 
<w pos="DT" lemma="the" phon="D@" >the</w> 
<w pos="NN" lemma="desert" phon="dI-!z3:t" >desert</w> </l>
<l n="14"><w pos="DT" lemma="A" phon="@" >A</w> 
<w pos="NN" lemma="shape" phon="!SeIp" >shape</w> 
<w pos="IN" lemma="with" phon="!wID" >with</w> 
<w pos="NN" lemma="lion" phon="!laI-@n" >lion</w> 
<w pos="NN" lemma="body" phon="!bQ-dI" >body</w> 
<w pos="CC" lemma="and" phon="@n" >and</w> 
<w pos="DT" lemma="the" phon="D@" >the</w> 
<w pos="NN" lemma="head" phon="!hed" >head</w> 
<w pos="IN" lemma="of" phon="Qv" >of</w> 
<w pos="DT" lemma="a" phon="@" >a</w> 
<w pos="NN" lemma="man" phon="!m{n" >man</w>,</l>
<l n="15"><w pos="DT" lemma="A" phon="@" >A</w> 
<w pos="NN" lemma="gaze" phon="!geIz" >gaze</w> 
<w pos="NN" lemma="blank" phon="!bl{Nk" >blank</w> 
<w pos="CC" lemma="and" phon="@n" >and</w> 
<w pos="NN" lemma="pitiless" phon="!pI-tI-lIs" >pitiless</w> 
<w pos="IN" lemma="a" phon="@z" >as</w> 
<w pos="DT" lemma="the" phon="D@" >the</w> 
<w pos="NN" lemma="sun" phon="!sVn" >sun</w>,</l>
<l n="16"><w pos="VBZ" lemma="Is" phon="!Iz" >Is</w> 
<w pos="VBG" lemma="move" phon="!mu:-vIN" >moving</w> 
<w pos="PRP$" lemma="it" phon="Its" >its</w> 
<w pos="JJ" lemma="slow" phon="!sl@U" >slow</w> 
<w pos="NNS" lemma="thigh" phon="!TaIz" >thighs</w>,
<w pos="IN" lemma="while" phon="!waIl" >while</w> 
<w pos="DT" lemma="all" phon="O:l" >all</w> 
<w pos="IN" lemma="about" phon="@-!baUt" >about</w> 
<w pos="PRP" lemma="it" phon="It" >it</w> </l>
<l n="17"><w pos="NNP" lemma="Reel" phon="!ri:l" >Reel</w> 
<w pos="NNS" lemma="shadow" phon="!S{-d@Uz" >shadows</w> 
<w pos="IN" lemma="of" phon="Qv" >of</w> 
<w pos="DT" lemma="the" phon="D@" >the</w> 
<w pos="JJ" lemma="indignant" phon="" >indignant</w> 
<w pos="NN" lemma="desert" phon="dI-!z3:t" >desert</w> 
<w pos="NNS" lemma="bird" phon="b3:dz" >birds</w>.</l>
<l n="18"><w pos="DT" lemma="The" phon="D@" >The</w> 
<w pos="NN" lemma="darkness" phon="!da:k-n@s" >darkness</w> 
<w pos="VBZ" lemma="drop" phon="!drQps" >drops</w> 
<w pos="RB" lemma="again" phon="@-!gen" >again</w>;
<w pos="CC" lemma="but" phon="!bVt" >but</w> 
<w pos="RB" lemma="now" phon="!naU" >now</w> 
<w pos="PRP" lemma="I" phon="aI" >I</w> 
<w pos="VBP" lemma="know" phon="!n@U
" >know</w> </l>
<l n="19">
<w pos="DT" lemma="That" phon="!D{t" >That</w> 
<w pos="JJ" lemma="twenty" phon="!twen-tI" >twenty</w> 
<w pos="NNS" lemma="century" phon="!sen-tS@-rIz" >centuries</w> 
<w pos="IN" lemma="of" phon="Qv" >of</w> 
<w pos="NN" lemma="stony" phon="!st@U-nI" >stony</w> 
<w pos="NN" lemma="sleep" phon="!sli:p" >sleep</w> </l>
<l n="20"><w pos="RB" lemma="Were" phon="w3:" >Were</w> 
<w pos="VBN" lemma="vex" phon="!vekst" >vexed</w> 
<w pos="TO" lemma="to" phon="t@" >to</w> 
<w pos="VB" lemma="nightmare" phon="!naIt-me@" >nightmare</w> 
<w pos="IN" lemma="by" phon="!baI" >by</w> 
<w pos="DT" lemma="a" phon="@" >a</w> 
<w pos="NN" lemma="rocking" phon="!rQ-kIN" >rocking</w> 
<w pos="NN" lemma="cradle" phon="!kreI-dl" >cradle</w>,</l>
<l n="21"><w pos="CC" lemma="And" phon="@n" >And</w> 
<w pos="WP" lemma="what" phon="!wQt" >what</w> 
<w pos="IN" lemma="rough" phon="!rVf" >rough</w> 
<w pos="NN" lemma="beast" phon="!bist" >beast</w>,
<w pos="PRP$" lemma="it" phon="Its" >its</w> 
<w pos="NN" lemma="hour" phon="!aU-@" >hour</w> 
<w pos="VBN" lemma="come" phon="!kVm" >come</w> 
<w pos="NN" lemma="round" phon="!raUnd" >round</w> 
<w pos="IN" lemma="at" phon="{t" >at</w> 
<w pos="NN" lemma="laSt" phon="!la:st" >laSt</w>,</l>
<l n="22"><w pos="NNS" lemma="Slouches" phon="!sl-aU-tSIz" >Slouches</w> 
<w pos="NNS" lemma="towards" phon="t@-!wQdz" >towards</w> 
<w pos="NNP" lemma="Bethlehem" phon="!bed-leI-%hem" >Bethlehem</w> 
<w pos="TO" lemma="to" phon="t@" >to</w> 
<w pos="VB" lemma="be" phon="bi:" >be</w> 
<w pos="VBN" lemma="bear" phon="!bO:n" >born</w>?</l>
</lg></body>
		   </text>
		</TEI>
		