<?xml version="1.0" encoding="UTF-8"?>
<?xml-model href="http://www.tei-c.org/release/xml/tei/custom/schema/relaxng/tei_all.rng" type="application/xml" schematypens="http://relaxng.org/ns/structure/1.0"?>
<?xml-model href="http://www.tei-c.org/release/xml/tei/custom/schema/relaxng/tei_all.rng" type="application/xml"
	schematypens="http://purl.oclc.org/dsdl/schematron"?>
<TEI xmlns="http://www.tei-c.org/ns/1.0">
  <teiHeader>
      <fileDesc>
         <titleStmt>
            <title>Title</title>
         </titleStmt>
         <publicationStmt>
            <p>Publication Information</p>
         </publicationStmt>
         <sourceDesc>
            <p>Information about the source</p>
         </sourceDesc>
      </fileDesc>
  </teiHeader><text>
      <body><head><title>THE LAKE ISLE OF INNISFREE</title></head>
<lg n="s1">
<l n="1"><w pos="PRP" lemma="I" phon="aI" >I</w> 
<w pos="MD" lemma="WILL" phon="!wIl" >WILL</w> 
<w pos="VB" lemma="arise" phon="" >arise</w> 
<w pos="CC" lemma="and" phon="@n" >and</w> 
<w pos="VB" lemma="go" phon="!g@U" >go</w> 
<w pos="RB" lemma="now" phon="!naU" >now</w>,
<w pos="CC" lemma="and" phon="@n" >and</w> 
<w pos="VB" lemma="go" phon="!g@U" >go</w> 
<w pos="TO" lemma="to" phon="t@" >to</w> 
<w pos="NNP" lemma="Innisfree" phon="" >Innisfree</w>,</l>
<l n="2"><w pos="CC" lemma="And" phon="@n" >And</w> 
<w pos="DT" lemma="a" phon="@" >a</w> 
<w pos="JJ" lemma="small" phon="!smQl" >small</w> 
<w pos="NN" lemma="cabin" phon="!k{-bIn" >cabin</w> 
<w pos="NN" lemma="build" phon="!bIld" >build</w> 
<w pos="RB" lemma="there" phon="!De@" >there</w>,
<w pos="IN" lemma="of" phon="Qv" >of</w> 
<w pos="NN" lemma="clay" phon="!kleI" >clay</w> 
<w pos="CC" lemma="and" phon="@n" >and</w> 
<w pos="NNS" lemma="wattle" phon="!wQ-t-lz" >wattles</w> 
<w pos="VBN" lemma="make" phon="!meId" >made</w>:</l>
<l n="3"><w pos="NNP" lemma="Nine" phon="!naIn" >Nine</w> 
<w pos="NNS" lemma="bean-rows" phon="" >bean-rows</w> 
<w pos="MD" lemma="will" phon="!wIl" >will</w> 
<w pos="PRP" lemma="I" phon="aI" >I</w> 
<w pos="VBP" lemma="have" phon="h{v" >have</w> 
<w pos="RB" lemma="there" phon="!De@" >there</w>,
<w pos="DT" lemma="a" phon="@" >a</w> 
<w pos="NN" lemma="hive" phon="h-aIv" >hive</w> 
<w pos="IN" lemma="for" phon="fQ" >for</w> 
<w pos="DT" lemma="the" phon="D@" >the</w> 
<w pos="NN" lemma="honeybee" phon="!hV-nI-bi" >honeybee</w>,</l>
<l n="4"><w pos="CC" lemma="And" phon="@n" >And</w> 
<w pos="VB" lemma="live" phon="!lIv" >live</w> 
<w pos="RB" lemma="alone" phon="@-!l@Un" >alone</w> 
<w pos="IN" lemma="in" phon="In" >in</w> 
<w pos="DT" lemma="the" phon="D@" >the</w> 
<w pos="JJ" lemma="bee-loud" phon="" >bee-loud</w> 
<w pos="NN" lemma="glade" phon="!gleId" >glade</w>.</l>
<l n="5"><w pos="CC" lemma="And" phon="@n" >And</w> 
<w pos="PRP" lemma="I" phon="aI" >I</w> 
<w pos="MD" lemma="shall" phon="!S{l" >shall</w> 
<w pos="VB" lemma="have" phon="h{v" >have</w> 
<w pos="DT" lemma="some" phon="!sVm" >some</w> 
<w pos="NN" lemma="peace" phon="!pi:s" >peace</w> 
<w pos="RB" lemma="there" phon="!De@" >there</w>,
<w pos="IN" lemma="for" phon="fQ" >for</w> 
<w pos="NN" lemma="peace" phon="!pi:s" >peace</w> 
<w pos="VBZ" lemma="come" phon="!kVmz" >comes</w> 
<w pos="VBG" lemma="drop" phon="!d-rQ-pIN" >dropping</w> 
<w pos="JJ" lemma="slow" phon="!sl@U" >slow</w>,</l>
<l n="6"><w pos="VBG" lemma="Dropping" phon="!d-rQ-pIN" >Dropping</w> 
<w pos="IN" lemma="from" phon="!frQm" >from</w> 
<w pos="DT" lemma="the" phon="D@" >the</w> 
<w pos="NNS" lemma="veil" phon="!veIlz" >veils</w> 
<w pos="IN" lemma="of" phon="Qv" >of</w> 
<w pos="DT" lemma="the" phon="D@" >the</w> 
<w pos="NN" lemma="mourning" phon="!mQ-nIN" >mourning</w> 
<w pos="TO" lemma="to" phon="t@" >to</w> 
<w pos="WRB" lemma="where" phon="!we@" >where</w> 
<w pos="DT" lemma="the" phon="D@" >the</w> 
<w pos="NN" lemma="cricket" phon="!krI-kIt" >cricket</w> 
<w pos="NNS" lemma="sings" phon="!sINz" >sings</w>;</l>
<l n="7"><w pos="EX" lemma="There" phon="!De@" >There</w> 
<w pos="NN" lemma="midnight" phon="!mId-naIt" >midnight</w> 
<w pos="POS" lemma="'s" phon="" >'s</w> 
<w pos="PDT" lemma="all" phon="O:l" >all</w> 
<w pos="DT" lemma="a" phon="@" >a</w> 
<w pos="NN" lemma="glimmer" phon="!g-lI-m@" >glimmer</w>,
<w pos="CC" lemma="and" phon="@n" >and</w> 
<w pos="RB" lemma="noon" phon="!nu:n" >noon</w> 
<w pos="DT" lemma="a" phon="@" >a</w> 
<w pos="NN" lemma="purple" phon="!p3:-pl" >purple</w> 
<w pos="NN" lemma="glow" phon="!gl@U" >glow</w>,</l>
<l n="8"><w pos="CC" lemma="And" phon="@n" >And</w> 
<w pos="VBG" lemma="even" phon="!i:v-nIN" >evening</w> 
<w pos="JJ" lemma="full" phon="!fUl" >full</w> 
<w pos="IN" lemma="of" phon="Qv" >of</w> 
<w pos="DT" lemma="the" phon="D@" >the</w> 
<w pos="NN" lemma="linnet" phon="!lI-nIt" >linnet</w> 
<w pos="POS" lemma="'s" phon="" >'s</w> 
<w pos="NNS" lemma="wing" phon="!wINz" >wings</w>.</l>
<l n="9"><w pos="PRP" lemma="I" phon="aI" >I</w> 
<w pos="MD" lemma="will" phon="!wIl" >will</w> 
<w pos="VB" lemma="arise" phon="" >arise</w> 
<w pos="CC" lemma="and" phon="@n" >and</w> 
<w pos="VB" lemma="go" phon="!g@U" >go</w> 
<w pos="RB" lemma="now" phon="!naU" >now</w>,
<w pos="IN" lemma="for" phon="fQ" >for</w> 
<w pos="RB" lemma="always" phon="!O:l-weIz" >always</w> 
<w pos="NN" lemma="night" phon="!naIt" >night</w> 
<w pos="CC" lemma="and" phon="@n" >and</w> 
<w pos="NN" lemma="day" phon="!deI" >day</w> </l>
<l n="10"><w pos="PRP" lemma="I" phon="aI" >I</w> 
<w pos="VBP" lemma="hear" phon="!hI@" >hear</w> 
<w pos="JJ" lemma="lake" phon="!leIk" >lake</w> 
<w pos="NN" lemma="water" phon="!wO:-t@" >water</w> 
<w pos="VBG" lemma="lap" phon="!l{-pIN" >lapping</w> 
<w pos="IN" lemma="with" phon="!wID" >with</w> 
<w pos="JJ" lemma="low" phon="!l@U" >low</w> 
<w pos="NNS" lemma="sound" phon="!saUndz" >sounds</w> 
<w pos="IN" lemma="by" phon="!baI" >by</w> 
<w pos="DT" lemma="the" phon="D@" >the</w> 
<w pos="NN" lemma="shore" phon="!SO:" >shore</w>;</l>
<l n="11"><w pos="IN" lemma="While" phon="!waIl" >While</w> 
<w pos="PRP" lemma="I" phon="aI" >I</w> 
<w pos="VBP" lemma="stand" phon="!st{nd" >stand</w> 
<w pos="IN" lemma="on" phon="Qn" >on</w> 
<w pos="DT" lemma="the" phon="D@" >the</w> 
<w pos="NN" lemma="roadway" phon="!r@U-d-weI" >roadway</w>,
<w pos="CC" lemma="or" phon="Q" >or</w> 
<w pos="IN" lemma="on" phon="Qn" >on</w> 
<w pos="DT" lemma="the" phon="D@" >the</w> 
<w pos="NNS" lemma="pavement" phon="!peIv-m@nts" >pavements</w> 
<w pos="NN" lemma="grey" phon="!greI" >grey</w>,</l>
<l n="12"><w pos="PRP" lemma="I" phon="aI" >I</w> 
<w pos="VBP" lemma="hear" phon="!hI@" >hear</w> 
<w pos="PRP" lemma="it" phon="It" >it</w> 
<w pos="IN" lemma="in" phon="In" >in</w> 
<w pos="DT" lemma="the" phon="D@" >the</w> 
<w pos="JJ" lemma="deep" phon="!di:p" >deep</w> 
<w pos="NN" lemma="heart" phon="!ha:t" >heart</w> 
<w pos="POS" lemma="'s" phon="" >'s</w> 
<w pos="NN" lemma="core" phon="!kO: " >core</w>.</l>
</lg></body>
		   </text>
		</TEI>
		