<?xml version="1.0" encoding="UTF-8"?>
<?xml-model href="http://www.tei-c.org/release/xml/tei/custom/schema/relaxng/tei_all.rng" type="application/xml" schematypens="http://relaxng.org/ns/structure/1.0"?>
<?xml-model href="http://www.tei-c.org/release/xml/tei/custom/schema/relaxng/tei_all.rng" type="application/xml"
	schematypens="http://purl.oclc.org/dsdl/schematron"?>
<TEI xmlns="http://www.tei-c.org/ns/1.0">
  <teiHeader>
      <fileDesc>
         <titleStmt>
            <title>Title</title>
         </titleStmt>
         <publicationStmt>
            <p>Publication Information</p>
         </publicationStmt>
         <sourceDesc>
            <p>Information about the source</p>
         </sourceDesc>
      </fileDesc>
  </teiHeader><text>
      <body><head><title>THE ARROW</title></head>
<lg n="s1">
<l n="1"><w pos="PRP" lemma="I" phon="aI" >I</w> 
<w pos="NNP" lemma="THOUGHT" phon="!TO:t" >THOUGHT</w> 
<w pos="IN" lemma="of" phon="Qv" >of</w> 
<w pos="PRP$" lemma="your" phon="jO:" >your</w> 
<w pos="NN" lemma="beauty" phon="!bju-tI" >beauty</w>,
<w pos="CC" lemma="and" phon="@n" >and</w> 
<w pos="DT" lemma="this" phon="!DIs" >this</w> 
<w pos="NN" lemma="arrow" phon="!{-r@U" >arrow</w>,</l>
<l n="2"><w pos="VBN" lemma="Made" phon="!meId" >Made</w> 
<w pos="IN" lemma="out" phon="!aUt" >out</w> 
<w pos="IN" lemma="of" phon="Qv" >of</w> 
<w pos="DT" lemma="a" phon="@" >a</w> 
<w pos="JJ" lemma="wild" phon="!waIld" >wild</w> 
<w pos="NN" lemma="thought" phon="!TO:t" >thought</w>,
<w pos="VBZ" lemma="be" phon="!Iz" >is</w> 
<w pos="IN" lemma="in" phon="In" >in</w> 
<w pos="PRP$" lemma="my" phon="!maI" >my</w> 
<w pos="NN" lemma="marrow" phon="!m{-r@U" >marrow</w>.</l>
<l n="3"><w pos="EX" lemma="There" phon="!De@" >There</w> 
<w pos="VBZ" lemma="'s" phon="" >'s</w> 
<w pos="DT" lemma="no" phon="!n@U" >no</w> 
<w pos="NN" lemma="man" phon="!m{n" >man</w> 
<w pos="MD" lemma="may" phon="!meI" >may</w> 
<w pos="VB" lemma="look" phon="!lUk" >look</w> 
<w pos="IN" lemma="upon" phon="@-!pQn" >upon</w> 
<w pos="PRP" lemma="her" phon="!h3:" >her</w>,
<w pos="DT" lemma="no" phon="!n@U" >no</w> 
<w pos="NN" lemma="man" phon="!m{n" >man</w>,</l>
<l n="4"><w pos="IN" lemma="As" phon="@z" >As</w> 
<w pos="WRB" lemma="when" phon="!wen" >when</w> 
<w pos="RB" lemma="newly" phon="!nju:-lI" >newly</w> 
<w pos="VBN" lemma="grow" phon="!gr@Un" >grown</w> 
<w pos="TO" lemma="to" phon="t@" >to</w> 
<w pos="VB" lemma="be" phon="bi:" >be</w> 
<w pos="DT" lemma="a" phon="@" >a</w> 
<w pos="NN" lemma="woman" phon="!wQ-m@n" >woman</w>,</l>
<l n="5">
<w pos="DT" lemma="Tall" phon="!tO:l" >Tall</w> 
<w pos="CC" lemma="and" phon="@n" >and</w> 
<w pos="JJ" lemma="noble" phon="!n@U-bl" >noble</w> 
<w pos="CC" lemma="but" phon="!bVt" >but</w> 
<w pos="IN" lemma="with" phon="!wID" >with</w> 
<w pos="NN" lemma="face" phon="!feIs" >face</w> 
<w pos="CC" lemma="and" phon="@n" >and</w> 
<w pos="NN" lemma="bosom" phon="!bU-z@m" >bosom</w> </l>
<l n="6"><w pos="NNP" lemma="Delicate" phon="!de-lI-kIt" >Delicate</w> 
<w pos="IN" lemma="in" phon="In" >in</w> 
<w pos="NN" lemma="colour" phon="!kV-l@" >colour</w> 
<w pos="IN" lemma="a" phon="@z" >as</w> 
<w pos="NN" lemma="apple" phon="!{-pl" >apple</w> 
<w pos="NN" lemma="blossom" phon="!blV-s@m" >blossom</w>.</l>
<l n="7"><w pos="DT" lemma="This" phon="!DIs" >This</w> 
<w pos="NN" lemma="beauty" phon="!bju-tI" >beauty</w> 
<w pos="POS" lemma="'s" phon="" >'s</w> 
<w pos="NN" lemma="kinder" phon="!k-aI-n-d@" >kinder</w>,
<w pos="RB" lemma="yet" phon="!jet" >yet</w> 
<w pos="IN" lemma="for" phon="fQ" >for</w> 
<w pos="DT" lemma="a" phon="@" >a</w> 
<w pos="NN" lemma="reason" phon="!ri:-zn" >reason</w> </l>
<l n="8"><w pos="PRP" lemma="I" phon="aI" >I</w> 
<w pos="MD" lemma="could" phon="!kUd" >could</w> 
<w pos="VB" lemma="weep" phon="!wi:p" >weep</w> 
<w pos="IN" lemma="that" phon="!D{t" >that</w> 
<w pos="DT" lemma="the" phon="D@" >the</w> 
<w pos="JJ" lemma="old" phon="!@Uld" >old</w> 
<w pos="VBZ" lemma="be" phon="!Iz" >is</w> 
<w pos="IN" lemma="out" phon="!aUt" >out</w> 
<w pos="IN" lemma="of" phon="Qv" >of</w> 
<w pos="NN" lemma="season" phon="!si:-zn" >season</w>.</l>
</lg></body>
		   </text>
		</TEI>
		