<?xml version="1.0" encoding="UTF-8"?>
<?xml-model href="http://www.tei-c.org/release/xml/tei/custom/schema/relaxng/tei_all.rng" type="application/xml" schematypens="http://relaxng.org/ns/structure/1.0"?>
<?xml-model href="http://www.tei-c.org/release/xml/tei/custom/schema/relaxng/tei_all.rng" type="application/xml"
	schematypens="http://purl.oclc.org/dsdl/schematron"?>
<TEI xmlns="http://www.tei-c.org/ns/1.0">
  <teiHeader>
      <fileDesc>
         <titleStmt>
            <title>Title</title>
         </titleStmt>
         <publicationStmt>
            <p>Publication Information</p>
         </publicationStmt>
         <sourceDesc>
            <p>Information about the source</p>
         </sourceDesc>
      </fileDesc>
  </teiHeader><text>
      <body><head><title>THE GYRES</title></head>
<lg n="s1">
<l n="1"><w pos="DT" lemma="THE" phon="D@" >THE</w> 
<w pos="NNP" lemma="GYRES" phon="" >GYRES</w>!
<w pos="DT" lemma="the" phon="D@" >the</w> 
<w pos="NNS" lemma="gyre" phon="" >gyres</w>!
<w pos="NNP" lemma="Old" phon="!@Uld" >Old</w> 
<w pos="NNP" lemma="Rocky" phon="!rQ-kI" >Rocky</w> 
<w pos="NNP" lemma="Face" phon="!feIs" >Face</w>,
<w pos="VBP" lemma="look" phon="!lUk" >look</w> 
<w pos="NN" lemma="forth" phon="!fO:T" >forth</w>;</l>
<l n="2"><w pos="NNS" lemma="Things" phon="!TINz" >Things</w> 
<w pos="VBD" lemma="think" phon="!TO:t" >thought</w> 
<w pos="RB" lemma="too" phon="!tu:" >too</w> 
<w pos="JJ" lemma="long" phon="!lQN" >long</w> 
<w pos="MD" lemma="can" phon="!k{n" >can</w> 
<w pos="VB" lemma="be" phon="bi:" >be</w> 
<w pos="RB" lemma="no" phon="!n@U" >no</w> 
<w pos="JJR" lemma="long" phon="!lQN-g@" >longer</w> 
<w pos="NN" lemma="thought" phon="!TO:t" >thought</w>,</l>
<l n="3"><w pos="IN" lemma="For" phon="fQ" >For</w> 
<w pos="NN" lemma="beauty" phon="!bju-tI" >beauty</w> 
<w pos="NNS" lemma="dy" phon="!daIz" >dies</w> 
<w pos="IN" lemma="of" phon="Qv" >of</w> 
<w pos="NN" lemma="beauty" phon="!bju-tI" >beauty</w>,
<w pos="NN" lemma="worth" phon=":w3:T" >worth</w> 
<w pos="IN" lemma="of" phon="Qv" >of</w> 
<w pos="NN" lemma="worth" phon=":w3:T" >worth</w>,</l>
<l n="4"><w pos="CC" lemma="And" phon="@n" >And</w> 
<w pos="JJ" lemma="ancient" phon="!eIn-S@nt" >ancient</w> 
<w pos="NNS" lemma="lineament" phon="!lI-nI@-m@-n-ts" >lineaments</w> 
<w pos="VBP" lemma="be" phon="a:" >are</w> 
<w pos="VBN" lemma="blot" phon="!blQ-tId " >blotted</w> 
<w pos="RP" lemma="out" phon="!aUt" >out</w>.</l>
<l n="5"><w pos="JJ" lemma="Irrational" phon="I-!r{-S@-nL" >Irrational</w> 
<w pos="NNS" lemma="stream" phon="!stri:mz" >streams</w> 
<w pos="IN" lemma="of" phon="Qv" >of</w> 
<w pos="NN" lemma="blood" phon="!blVd" >blood</w> 
<w pos="VBP" lemma="be" phon="a:" >are</w> 
<w pos="VBG" lemma="stain" phon="!s-teI-nIN" >staining</w> 
<w pos="NN" lemma="earth" phon="!3:T" >earth</w>;</l>
<l n="6"><w pos="NNS" lemma="Empedocles" phon="" >Empedocles</w> 
<w pos="VBZ" lemma="have" phon="h{z" >has</w> 
<w pos="VBN" lemma="throw" phon="!Tr@Un" >thrown</w> 
<w pos="DT" lemma="all" phon="O:l" >all</w> 
<w pos="NNS" lemma="thing" phon="!TINz" >things</w> 
<w pos="IN" lemma="about" phon="@-!baUt" >about</w>;</l>
<l n="7"><w pos="NNP" lemma="Hector" phon="!hek-t@" >Hector</w> 
<w pos="VBZ" lemma="be" phon="!Iz" >is</w> 
<w pos="JJ" lemma="dead" phon="!ded" >dead</w> 
<w pos="CC" lemma="and" phon="@n" >and</w> 
<w pos="EX" lemma="there" phon="!De@" >there</w> 
<w pos="VBZ" lemma="'s" phon="" >'s</w> 
<w pos="DT" lemma="a" phon="@" >a</w> 
<w pos="NN" lemma="light" phon="!laIt" >light</w> 
<w pos="IN" lemma="in" phon="In" >in</w> 
<w pos="NNP" lemma="Troy" phon="troI" >Troy</w>;</l>
<l n="8"><w pos="PRP" lemma="We" phon="wi:" >We</w> 
<w pos="WDT" lemma="that" phon="!D{t" >that</w> 
<w pos="VBP" lemma="look" phon="!lUk" >look</w> 
<w pos="IN" lemma="on" phon="Qn" >on</w> 
<w pos="CC" lemma="but" phon="!bVt" >but</w> 
<w pos="IN" lemma="laugh" phon="!la:f" >laugh</w> 
<w pos="IN" lemma="in" phon="In" >in</w> 
<w pos="JJ" lemma="tragic" phon="!tr{-dZIk" >tragic</w> 
<w pos="NN" lemma="joy" phon="!dZoI" >joy</w>.</l>
<l n="9"><w pos="WP" lemma="What" phon="!wQt" >What</w> 
<w pos="NN" lemma="matter" phon="!m{-t@" >matter</w> 
<w pos="IN" lemma="though" phon="!D@U" >though</w> 
<w pos="JJ" lemma="numb" phon="!nVm" >numb</w> 
<w pos="JJ" lemma="nightmare" phon="!naIt-me@" >nightmare</w> 
<w pos="NN" lemma="ride" phon="!raId" >ride</w> 
<w pos="IN" lemma="on" phon="Qn" >on</w> 
<w pos="NN" lemma="top" phon="!tQp" >top</w>,</l>
<l n="10"><w pos="CC" lemma="And" phon="@n" >And</w> 
<w pos="NN" lemma="blood" phon="!blVd" >blood</w> 
<w pos="CC" lemma="and" phon="@n" >and</w> 
<w pos="VB" lemma="mire" phon="!m-aI-@" >mire</w> 
<w pos="DT" lemma="the" phon="D@" >the</w> 
<w pos="JJ" lemma="sensitive" phon="!sen-sI-tIv" >sensitive</w> 
<w pos="NN" lemma="body" phon="!bQ-dI" >body</w> 
<w pos="NN" lemma="stain" phon="!steIn" >stain</w>?</l>
<l n="11"><w pos="WP" lemma="What" phon="!wQt" >What</w> 
<w pos="NN" lemma="matter" phon="!m{-t@" >matter</w>?
<w pos="NNP" lemma="Heave" phon="!hi:v" >Heave</w> 
<w pos="DT" lemma="no" phon="!n@U" >no</w> 
<w pos="NN" lemma="sigh" phon="!saI" >sigh</w>,
<w pos="VB" lemma="let" phon="!let" >let</w> 
<w pos="DT" lemma="no" phon="!n@U" >no</w> 
<w pos="JJ" lemma="tear" phon="!te@" >tear</w> 
<w pos="NN" lemma="drop" phon="!drQp" >drop</w>,</l>
<l n="12"><w pos="NNP" lemma="A-greater" phon="" >A-greater</w>,
<w pos="DT" lemma="a" phon="@" >a</w> 
<w pos="RBR" lemma="more" phon="!mO:" >more</w> 
<w pos="JJ" lemma="gracious" phon="!greI-S@s" >gracious</w> 
<w pos="NN" lemma="time" phon="!taIm" >time</w> 
<w pos="VBZ" lemma="have" phon="h{z" >has</w> 
<w pos="VBN" lemma="go" phon="!gQn" >gone</w>;</l>
<l n="13">
<w pos="IN" lemma="For" phon="fQ" >For</w> 
<w pos="VBN" lemma="paint" phon="!pein-tId" >painted</w> 
<w pos="NNS" lemma="form" phon="!fO:ms" >forms</w> 
<w pos="CC" lemma="or" phon="Q" >or</w> 
<w pos="NNS" lemma="box" phon="!bQkk-sIz" >boxes</w> 
<w pos="IN" lemma="of" phon="Qv" >of</w> 
<w pos="NN" lemma="make-up" phon="!meIk-Vp" >make-up</w> </l>
<l n="14"><w pos="IN" lemma="In" phon="In" >In</w> 
<w pos="JJ" lemma="ancient" phon="!eIn-S@nt" >ancient</w> 
<w pos="NN" lemma="tomb" phon="!tu:mz" >tombs</w> 
<w pos="PRP" lemma="I" phon="aI" >I</w> 
<w pos="VBD" lemma="sigh" phon="saId" >sighed</w>,
<w pos="CC" lemma="but" phon="!bVt" >but</w> 
<w pos="RB" lemma="not" phon="!nQt" >not</w> 
<w pos="RB" lemma="again" phon="@-!gen" >again</w>;</l>
<l n="15"><w pos="WP" lemma="What" phon="!wQt" >What</w> 
<w pos="NN" lemma="matter" phon="!m{-t@" >matter</w>?
<w pos="IN" lemma="Out" phon="!aUt" >Out</w> 
<w pos="IN" lemma="of" phon="Qv" >of</w> 
<w pos="JJ" lemma="cavern" phon="!k{-v@n" >cavern</w> 
<w pos="VBZ" lemma="come" phon="!kVmz" >comes</w> 
<w pos="DT" lemma="a" phon="@" >a</w> 
<w pos="NN" lemma="voice" phon="!voIs" >voice</w>,</l>
<l n="16"><w pos="CC" lemma="And" phon="@n" >And</w> 
<w pos="DT" lemma="all" phon="O:l" >all</w> 
<w pos="PRP" lemma="it" phon="It" >it</w> 
<w pos="VBZ" lemma="know" phon="!n@Uz" >knows</w> 
<w pos="VBZ" lemma="be" phon="!Iz" >is</w> 
<w pos="IN" lemma="that" phon="!D{t" >that</w> 
<w pos="CD" lemma="one" phon="!wVn" >one</w> 
<w pos="NN" lemma="word" phon="!w3:d" >word</w>``
<w pos="NNP" lemma="Rejoice" phon="rI-!dZoIs" >Rejoice</w>!'</l>
<l n="17"><w pos="NN" lemma="Conduct" phon="k@n-!dV-kt" >Conduct</w> 
<w pos="CC" lemma="and" phon="@n" >and</w> 
<w pos="NN" lemma="work" phon="!w3k" >work</w> 
<w pos="NN" lemma="grow" phon="!gr@U" >grow</w> 
<w pos="NN" lemma="coarse" phon="!kO:s" >coarse</w>,
<w pos="CC" lemma="and" phon="@n" >and</w> 
<w pos="VB" lemma="coarse" phon="!kO:s" >coarse</w> 
<w pos="DT" lemma="the" phon="D@" >the</w> 
<w pos="NN" lemma="soul" phon="!s@Ul" >soul</w>,</l>
<l n="18"><w pos="WP" lemma="What" phon="!wQt" >What</w> 
<w pos="NN" lemma="matter" phon="!m{-t@" >matter</w>?
<w pos="DT" lemma="Those" phon="!D@Uz" >Those</w> 
<w pos="IN" lemma="that" phon="!D{t" >that</w> 
<w pos="NNP" lemma="Rocky" phon="!rQ-kI" >Rocky</w> 
<w pos="NNP" lemma="Face" phon="!feIs" >Face</w> 
<w pos="VBZ" lemma="hold" phon="!h@Uldz" >holds</w> 
<w pos="RB" lemma="dear" phon="!dI@" >dear</w>,</l>
<l n="19"><w pos="NNS" lemma="Lovers" phon="!lV-v@z" >Lovers</w> 
<w pos="IN" lemma="of" phon="Qv" >of</w> 
<w pos="NNS" lemma="horse" phon="!hO:-sIz" >horses</w> 
<w pos="CC" lemma="and" phon="@n" >and</w> 
<w pos="IN" lemma="of" phon="Qv" >of</w> 
<w pos="NNS" lemma="woman" phon="!wI-mIn" >women</w>,
<w pos="MD" lemma="shall" phon="!S{l" >shall</w>,</l>
<l n="20"><w pos="IN" lemma="From" phon="!frQm" >From</w> 
<w pos="NN" lemma="marble" phon="!ma:-bl" >marble</w> 
<w pos="IN" lemma="of" phon="Qv" >of</w> 
<w pos="DT" lemma="a" phon="@" >a</w> 
<w pos="JJ" lemma="broken" phon="!br@U-k@n" >broken</w> 
<w pos="NN" lemma="sepulchre" phon="!se-p@l-k@" >sepulchre</w>,</l>
<l n="21"><w pos="CC" lemma="Or" phon="Q" >Or</w> 
<w pos="JJ" lemma="dark" phon="!da:k" >dark</w> 
<w pos="IN" lemma="betwixt" phon="bI-!twIkst" >betwixt</w> 
<w pos="DT" lemma="the" phon="D@" >the</w> 
<w pos="NN" lemma="polecat" phon="!p@Ul-k{t" >polecat</w> 
<w pos="CC" lemma="and" phon="@n" >and</w> 
<w pos="DT" lemma="the" phon="D@" >the</w> 
<w pos="NN" lemma="owl" phon="!aUl" >owl</w>,</l>
<l n="22"><w pos="CC" lemma="Or" phon="Q" >Or</w> 
<w pos="DT" lemma="any" phon="!e-nI" >any</w> 
<w pos="JJ" lemma="rich" phon="!rItS" >rich</w>,
<w pos="JJ" lemma="dark" phon="!da:k" >dark</w> 
<w pos="NN" lemma="nothing" phon="!nV-TIN" >nothing</w> 
<w pos="NN" lemma="disinter" phon="dI-sIn-!t3" >disinter</w> </l>
<l n="23"><w pos="DT" lemma="The" phon="D@" >The</w> 
<w pos="NN" lemma="workman" phon="!w3:k-m{n " >workman</w>,
<w pos="JJ" lemma="noble" phon="!n@U-bl" >noble</w> 
<w pos="CC" lemma="and" phon="@n" >and</w> 
<w pos="NN" lemma="saint" phon="!seInt" >saint</w>,
<w pos="CC" lemma="and" phon="@n" >and</w> 
<w pos="DT" lemma="all" phon="O:l" >all</w> 
<w pos="NNS" lemma="thing" phon="!TINz" >things</w> 
<w pos="VBP" lemma="run" phon="!rVn" >run</w> </l>
<l n="24"><w pos="IN" lemma="On" phon="Qn" >On</w> 
<w pos="DT" lemma="that" phon="!D{t" >that</w> 
<w pos="JJ" lemma="unfashionable" phon="Vn-f{S-n@-bl" >unfashionable</w> 
<w pos="NN" lemma="gyre" phon="dZ-aI-@" >gyre</w> 
<w pos="RB" lemma="again" phon="@-!gen" >again</w>.</l>
</lg></body>
		   </text>
		</TEI>
		