<?xml version="1.0" encoding="UTF-8"?>
<?xml-model href="http://www.tei-c.org/release/xml/tei/custom/schema/relaxng/tei_all.rng" type="application/xml" schematypens="http://relaxng.org/ns/structure/1.0"?>
<?xml-model href="http://www.tei-c.org/release/xml/tei/custom/schema/relaxng/tei_all.rng" type="application/xml"
	schematypens="http://purl.oclc.org/dsdl/schematron"?>
<TEI xmlns="http://www.tei-c.org/ns/1.0">
  <teiHeader>
      <fileDesc>
         <titleStmt>
            <title>Title</title>
         </titleStmt>
         <publicationStmt>
            <p>Publication Information</p>
         </publicationStmt>
         <sourceDesc>
            <p>Information about the source</p>
         </sourceDesc>
      </fileDesc>
  </teiHeader><text>
      <body><head><title>THE SORROW OF LOVE</title></head>
<lg n="s1">
<l n="1"><w pos="DT" lemma="THE" phon="D@" >THE</w> 
<w pos="NN" lemma="brawling" phon="!b-rQ-lIN" >brawling</w> 
<w pos="IN" lemma="of" phon="Qv" >of</w> 
<w pos="DT" lemma="a" phon="@" >a</w> 
<w pos="NN" lemma="sparrow" phon="!s-p{-r@U" >sparrow</w> 
<w pos="IN" lemma="in" phon="In" >in</w> 
<w pos="DT" lemma="the" phon="D@" >the</w> 
<w pos="NNS" lemma="eaves" phon="i-vz" >eaves</w>,</l>
<l n="2"><w pos="DT" lemma="The" phon="D@" >The</w> 
<w pos="JJ" lemma="brilliant" phon="!brIl-j@nt" >brilliant</w> 
<w pos="NN" lemma="moon" phon="!mu:n" >moon</w> 
<w pos="CC" lemma="and" phon="@n" >and</w> 
<w pos="PDT" lemma="all" phon="O:l" >all</w> 
<w pos="DT" lemma="the" phon="D@" >the</w> 
<w pos="NN" lemma="milky" phon="!mIl-kI" >milky</w> 
<w pos="NN" lemma="sky" phon="!skaI" >sky</w>,</l>
<l n="3"><w pos="CC" lemma="And" phon="@n" >And</w> 
<w pos="DT" lemma="all" phon="O:l" >all</w> 
<w pos="WDT" lemma="that" phon="!D{t" >that</w> 
<w pos="JJ" lemma="famous" phon="!feI-m@s" >famous</w> 
<w pos="NN" lemma="harmony" phon="!ha:-m@-nI" >harmony</w> 
<w pos="IN" lemma="of" phon="Qv" >of</w> 
<w pos="NNS" lemma="leaf" phon="!li:vz" >leaves</w>,</l>
<l n="4"><w pos="NNP" lemma="Had" phon="!h{d" >Had</w> 
<w pos="VBN" lemma="blot" phon="!blQ-tId " >blotted</w> 
<w pos="RP" lemma="out" phon="!aUt" >out</w> 
<w pos="NN" lemma="man" phon="!m{n" >man</w> 
<w pos="POS" lemma="'S" phon="" >'S</w> 
<w pos="NN" lemma="image" phon="!I-mIdZ" >image</w> 
<w pos="CC" lemma="and" phon="@n" >and</w> 
<w pos="PRP$" lemma="his" phon="hIz" >his</w> 
<w pos="NN" lemma="cry" phon="!kraI" >cry</w>.</l>
<l n="5">
<w pos="DT" lemma="A" phon="@" >A</w> 
<w pos="NN" lemma="girl" phon="!g3:l" >girl</w> 
<w pos="NN" lemma="arose" phon="@-!r@Uz" >arose</w> 
<w pos="WDT" lemma="that" phon="!D{t" >that</w> 
<w pos="VBD" lemma="have" phon="!h{d" >had</w> 
<w pos="VBN" lemma="red" phon="!red" >red</w> 
<w pos="JJ" lemma="mournful" phon="!mO:n-f@l" >mournful</w> 
<w pos="NNS" lemma="lip" phon="!lIps" >lips</w> </l>
<l n="6"><w pos="CC" lemma="And" phon="@n" >And</w> 
<w pos="VBD" lemma="seem" phon="!si:md" >seemed</w> 
<w pos="DT" lemma="the" phon="D@" >the</w> 
<w pos="NN" lemma="greatness" phon="!g-reI-t-n@s" >greatness</w> 
<w pos="IN" lemma="of" phon="Qv" >of</w> 
<w pos="DT" lemma="the" phon="D@" >the</w> 
<w pos="NN" lemma="world" phon="!w3:ld" >world</w> 
<w pos="IN" lemma="in" phon="In" >in</w> 
<w pos="NNS" lemma="tear" phon="!ti:z" >tears</w>,</l>
<l n="7">
<w pos="VBN" lemma="Doomed" phon="!du:md" >Doomed</w> 
<w pos="IN" lemma="like" phon="!laIk" >like</w> 
<w pos="NNP" lemma="Odysseus" phon="Q-!dI-ses " >Odysseus</w> 
<w pos="CC" lemma="and" phon="@n" >and</w> 
<w pos="DT" lemma="the" phon="D@" >the</w> 
<w pos="NN" lemma="labouring" phon="!leI-b@-rIN" >labouring</w> 
<w pos="NNS" lemma="ship" phon="!SIps" >ships</w> </l>
<l n="8"><w pos="CC" lemma="And" phon="@n" >And</w> 
<w pos="NN" lemma="proud" phon="!praUd" >proud</w> 
<w pos="IN" lemma="a" phon="@z" >as</w> 
<w pos="NNP" lemma="Priam" phon="" >Priam</w> 
<w pos="VBD" lemma="murder" phon="!m3-d@d" >murdered</w> 
<w pos="IN" lemma="with" phon="!wID" >with</w> 
<w pos="PRP$" lemma="his" phon="hIz" >his</w> 
<w pos="NNS" lemma="peer" phon="!pI@z " >peers</w>;</l>
<l n="9"><w pos="NNP" lemma="Arose" phon="@-!r@Uz" >Arose</w>,
<w pos="CC" lemma="and" phon="@n" >and</w> 
<w pos="IN" lemma="on" phon="Qn" >on</w> 
<w pos="DT" lemma="the" phon="D@" >the</w> 
<w pos="JJ" lemma="instant" phon="!In-s-t@-nt" >instant</w> 
<w pos="JJ" lemma="clamorous" phon="!k-l{-m@-r@s" >clamorous</w> 
<w pos="NNS" lemma="eaves" phon="i-vz" >eaves</w>,</l>
<l n="10"><w pos="DT" lemma="A" phon="@" >A</w> 
<w pos="VBG" lemma="climb" phon="!klaI-mIN" >climbing</w> 
<w pos="NN" lemma="moon" phon="!mu:n" >moon</w> 
<w pos="IN" lemma="upon" phon="@-!pQn" >upon</w> 
<w pos="DT" lemma="an" phon="@n" >an</w> 
<w pos="JJ" lemma="empty" phon="!emp-tI" >empty</w> 
<w pos="NN" lemma="sky" phon="!skaI" >sky</w>,</l>
<l n="11"><w pos="CC" lemma="And" phon="@n" >And</w> 
<w pos="DT" lemma="all" phon="O:l" >all</w> 
<w pos="DT" lemma="that" phon="!D{t" >that</w> 
<w pos="NN" lemma="lamentation" phon="l{-men-!teI-S@n" >lamentation</w> 
<w pos="IN" lemma="of" phon="Qv" >of</w> 
<w pos="DT" lemma="the" phon="D@" >the</w> 
<w pos="NNS" lemma="leaf" phon="!li:vz" >leaves</w>,</l>
<l n="12"><w pos="MD" lemma="Could" phon="!kUd" >Could</w> 
<w pos="CC" lemma="but" phon="!bVt" >but</w> 
<w pos="VB" lemma="compose" phon="k@m-p@Uz" >compose</w> 
<w pos="NN" lemma="man" phon="!m{n" >man</w> 
<w pos="POS" lemma="'s" phon="" >'s</w> 
<w pos="NN" lemma="image" phon="!I-mIdZ" >image</w> 
<w pos="CC" lemma="and" phon="@n" >and</w> 
<w pos="PRP$" lemma="his" phon="hIz" >his</w> 
<w pos="NN" lemma="cry" phon="!kraI" >cry</w>.</l>
</lg></body>
		   </text>
		</TEI>
		