<?xml version="1.0" encoding="UTF-8"?>
<?xml-model href="http://www.tei-c.org/release/xml/tei/custom/schema/relaxng/tei_all.rng" type="application/xml" schematypens="http://relaxng.org/ns/structure/1.0"?>
<?xml-model href="http://www.tei-c.org/release/xml/tei/custom/schema/relaxng/tei_all.rng" type="application/xml"
	schematypens="http://purl.oclc.org/dsdl/schematron"?>
<TEI xmlns="http://www.tei-c.org/ns/1.0">
  <teiHeader>
      <fileDesc>
         <titleStmt>
            <title>Title</title>
         </titleStmt>
         <publicationStmt>
            <p>Publication Information</p>
         </publicationStmt>
         <sourceDesc>
            <p>Information about the source</p>
         </sourceDesc>
      </fileDesc>
  </teiHeader><text>
      <body><head><title>THE SONG OF WANDERING AENGUS</title></head>
<lg n="s1">
<l n="1"><w pos="PRP" lemma="I" phon="aI" >I</w> 
<w pos="VBP" lemma="WENT" phon="!went" >WENT</w> 
<w pos="IN" lemma="out" phon="!aUt" >out</w> 
<w pos="TO" lemma="to" phon="t@" >to</w> 
<w pos="DT" lemma="the" phon="D@" >the</w> 
<w pos="NN" lemma="hazel" phon="!heI-zl" >hazel</w> 
<w pos="NN" lemma="wood" phon="!wUd" >wood</w>,</l>
<l n="2"><w pos="IN" lemma="Because" phon="bI-!kQz" >Because</w> 
<w pos="DT" lemma="a" phon="@" >a</w> 
<w pos="NN" lemma="fire" phon="!faI-@" >fire</w> 
<w pos="VBD" lemma="be" phon="wQz" >was</w> 
<w pos="IN" lemma="in" phon="In" >in</w> 
<w pos="PRP$" lemma="my" phon="!maI" >my</w> 
<w pos="NN" lemma="head" phon="!hed" >head</w>,</l>
<l n="3"><w pos="CC" lemma="And" phon="@n" >And</w> 
<w pos="NN" lemma="cut" phon="!kVt" >cut</w> 
<w pos="CC" lemma="and" phon="@n" >and</w> 
<w pos="VBD" lemma="peel" phon="pi-ld" >peeled</w> 
<w pos="DT" lemma="a" phon="@" >a</w> 
<w pos="NN" lemma="hazel" phon="!heI-zl" >hazel</w> 
<w pos="NN" lemma="wand" phon="!wO:nd " >wand</w>,</l>
<l n="4"><w pos="CC" lemma="And" phon="@n" >And</w> 
<w pos="VBD" lemma="hook" phon="!hUkt" >hooked</w> 
<w pos="DT" lemma="a" phon="@" >a</w> 
<w pos="NN" lemma="berry" phon="!be-rI" >berry</w> 
<w pos="TO" lemma="to" phon="t@" >to</w> 
<w pos="DT" lemma="a" phon="@" >a</w> 
<w pos="NN" lemma="thread" phon="!Tred" >thread</w>;</l>
<l n="5"><w pos="CC" lemma="And" phon="@n" >And</w> 
<w pos="WRB" lemma="when" phon="!wen" >when</w> 
<w pos="JJ" lemma="white" phon="!waIt" >white</w> 
<w pos="NNS" lemma="moth" phon="mQ-Ts" >moths</w> 
<w pos="VBD" lemma="be" phon="w3:" >were</w> 
<w pos="IN" lemma="on" phon="Qn" >on</w> 
<w pos="DT" lemma="the" phon="D@" >the</w> 
<w pos="NN" lemma="wing" phon="!wIN" >wing</w>,</l>
<l n="6"><w pos="CC" lemma="And" phon="@n" >And</w> 
<w pos="JJ" lemma="moth-like" phon="" >moth-like</w> 
<w pos="NNS" lemma="star" phon="!sta:z" >stars</w> 
<w pos="VBD" lemma="be" phon="w3:" >were</w> 
<w pos="VBG" lemma="flicker" phon="!f-lI-k@-rIN" >flickering</w> 
<w pos="RP" lemma="out" phon="!aUt" >out</w>,</l>
<l n="7">
<w pos="PRP" lemma="I" phon="aI" >I</w> 
<w pos="VBD" lemma="drop" phon="!drQpt" >dropped</w> 
<w pos="DT" lemma="the" phon="D@" >the</w> 
<w pos="NN" lemma="berry" phon="!be-rI" >berry</w> 
<w pos="IN" lemma="in" phon="In" >in</w> 
<w pos="DT" lemma="a" phon="@" >a</w> 
<w pos="NN" lemma="stream" phon="!stri:m" >stream</w> </l>
<l n="8"><w pos="CC" lemma="And" phon="@n" >And</w> 
<w pos="VBD" lemma="catch" phon="kO:t" >caught</w> 
<w pos="DT" lemma="a" phon="@" >a</w> 
<w pos="JJ" lemma="little" phon="!lI-tl" >little</w> 
<w pos="NN" lemma="silver" phon="!sIl-v@" >silver</w> 
<w pos="NN" lemma="trout" phon="!traUt" >trout</w>.</l>
<l n="9">
<w pos="WRB" lemma="When" phon="!wen" >When</w> 
<w pos="PRP" lemma="I" phon="aI" >I</w> 
<w pos="VBD" lemma="have" phon="!h{d" >had</w> 
<w pos="VBN" lemma="lay" phon="!leId" >laid</w> 
<w pos="PRP" lemma="it" phon="It" >it</w> 
<w pos="IN" lemma="on" phon="Qn" >on</w> 
<w pos="DT" lemma="the" phon="D@" >the</w> 
<w pos="NN" lemma="floor" phon="!flO:" >floor</w> </l>
<l n="10"><w pos="PRP" lemma="I" phon="aI" >I</w> 
<w pos="VBD" lemma="go" phon="!went" >went</w> 
<w pos="TO" lemma="to" phon="t@" >to</w> 
<w pos="VB" lemma="blow" phon="!bl@U" >blow</w> 
<w pos="DT" lemma="the" phon="D@" >the</w> 
<w pos="NN" lemma="fire" phon="!faI-@" >fire</w> 
<w pos="NN" lemma="aflame" phon="@-!f-leIm" >aflame</w>,</l>
<l n="11"><w pos="CC" lemma="But" phon="!bVt" >But</w> 
<w pos="NN" lemma="something" phon="!sVm-TIN" >something</w> 
<w pos="VBN" lemma="rustle" phon="!rV-s-ld" >rustled</w> 
<w pos="IN" lemma="on" phon="Qn" >on</w> 
<w pos="DT" lemma="the" phon="D@" >the</w> 
<w pos="NN" lemma="floor" phon="!flO:" >floor</w>,</l>
<l n="12"><w pos="CC" lemma="And" phon="@n" >And</w> 
<w pos="DT" lemma="some" phon="!sVm" >some</w> 
<w pos="CD" lemma="one" phon="!wVn" >one</w> 
<w pos="VBN" lemma="call" phon="!kO:ld" >called</w> 
<w pos="PRP" lemma="me" phon="!mi:" >me</w> 
<w pos="IN" lemma="by" phon="!baI" >by</w> 
<w pos="PRP$" lemma="my" phon="!maI" >my</w> 
<w pos="NN" lemma="name" phon="!neIm" >name</w>:</l>
<l n="13">
<w pos="PRP" lemma="It" phon="It" >It</w> 
<w pos="VBD" lemma="have" phon="!h{d" >had</w> 
<w pos="VBN" lemma="become" phon="bI-!kVm" >become</w> 
<w pos="DT" lemma="a" phon="@" >a</w> 
<w pos="JJ" lemma="glimmering" phon="!g-lI-m@-rIN" >glimmering</w> 
<w pos="NN" lemma="girl" phon="!g3:l" >girl</w> </l>
<l n="14">
<w pos="IN" lemma="With" phon="!wID" >With</w> 
<w pos="NN" lemma="apple" phon="!{-pl" >apple</w> 
<w pos="NN" lemma="blossom" phon="!blV-s@m" >blossom</w> 
<w pos="IN" lemma="in" phon="In" >in</w> 
<w pos="PRP$" lemma="her" phon="!h3:" >her</w> 
<w pos="NN" lemma="hair" phon="!he@" >hair</w> </l>
<l n="15">
<w pos="WP" lemma="Who" phon="!hu:" >Who</w> 
<w pos="VBD" lemma="call" phon="!kO:ld" >called</w> 
<w pos="PRP" lemma="me" phon="!mi:" >me</w> 
<w pos="IN" lemma="by" phon="!baI" >by</w> 
<w pos="PRP$" lemma="my" phon="!maI" >my</w> 
<w pos="NN" lemma="name" phon="!neIm" >name</w> 
<w pos="CC" lemma="and" phon="@n" >and</w> 
<w pos="NN" lemma="ran" phon="!r{n" >ran</w> </l>
<l n="16"><w pos="CC" lemma="And" phon="@n" >And</w> 
<w pos="VBD" lemma="fade" phon="!feI-dId" >faded</w> 
<w pos="IN" lemma="through" phon="!Tru: " >through</w> 
<w pos="DT" lemma="the" phon="D@" >the</w> 
<w pos="NN" lemma="brightening" phon="!braI-t@-nIN" >brightening</w> 
<w pos="NN" lemma="air" phon="!e@" >air</w>.</l>
<l n="17">
<w pos="IN" lemma="Though" phon="!D@U" >Though</w> 
<w pos="PRP" lemma="I" phon="aI" >I</w> 
<w pos="VBP" lemma="be" phon="!{m" >am</w> 
<w pos="JJ" lemma="old" phon="!@Uld" >old</w> 
<w pos="IN" lemma="with" phon="!wID" >with</w> 
<w pos="VBG" lemma="wander" phon="!wQn-d@-rIN" >wandering</w> </l>
<l n="18"><w pos="IN" lemma="Through" phon="!Tru: " >Through</w> 
<w pos="JJ" lemma="hollow" phon="!hQ-l@U" >hollow</w> 
<w pos="NNS" lemma="lad" phon="!l{dz" >lads</w> 
<w pos="CC" lemma="and" phon="@n" >and</w> 
<w pos="RB" lemma="hilly" phon="!hI-lI" >hilly</w> 
<w pos="NNS" lemma="land" phon="!l{ndz" >lands</w>.</l>
<l n="19"><w pos="PRP" lemma="I" phon="aI" >I</w> 
<w pos="MD" lemma="will" phon="!wIl" >will</w> 
<w pos="VB" lemma="find" phon="!faInd" >find</w> 
<w pos="RP" lemma="out" phon="!aUt" >out</w> 
<w pos="WRB" lemma="where" phon="!we@" >where</w> 
<w pos="PRP" lemma="she" phon="!Si:" >she</w> 
<w pos="VBZ" lemma="have" phon="h{z" >has</w> 
<w pos="VBN" lemma="go" phon="!gQn" >gone</w>,</l>
<l n="20"><w pos="CC" lemma="And" phon="@n" >And</w> 
<w pos="VB" lemma="kiss" phon="!kIs" >kiss</w> 
<w pos="PRP$" lemma="her" phon="!h3:" >her</w> 
<w pos="NNS" lemma="lip" phon="!lIps" >lips</w> 
<w pos="CC" lemma="and" phon="@n" >and</w> 
<w pos="VB" lemma="take" phon="!teIk" >take</w> 
<w pos="PRP$" lemma="her" phon="!h3:" >her</w> 
<w pos="NNS" lemma="hand" phon="!h{ndz" >hands</w>;</l>
<l n="21"><w pos="CC" lemma="And" phon="@n" >And</w> 
<w pos="VB" lemma="walk" phon="!wO:k" >walk</w> 
<w pos="IN" lemma="among" phon="@-!mVN" >among</w> 
<w pos="RB" lemma="long" phon="!lQN" >long</w> 
<w pos="JJ" lemma="dappled" phon="!d{-p@ld" >dappled</w> 
<w pos="NN" lemma="grass" phon="!gra:s" >grass</w>,</l>
<l n="22">
<w pos="CC" lemma="And" phon="@n" >And</w> 
<w pos="VB" lemma="pluck" phon="!plVk" >pluck</w> 
<w pos="JJ" lemma="till" phon="!tIl" >till</w> 
<w pos="NN" lemma="time" phon="!taIm" >time</w> 
<w pos="CC" lemma="and" phon="@n" >and</w> 
<w pos="NNS" lemma="time" phon="!taImz" >times</w> 
<w pos="VBP" lemma="be" phon="a:" >are</w> 
<w pos="VBN" lemma="do" phon="!dVn" >done</w> </l>
<l n="23"><w pos="DT" lemma="The" phon="D@" >The</w> 
<w pos="JJ" lemma="silver" phon="!sIl-v@" >silver</w> 
<w pos="NNS" lemma="apple" phon="!{-p-lz" >apples</w> 
<w pos="IN" lemma="of" phon="Qv" >of</w> 
<w pos="DT" lemma="the" phon="D@" >the</w> 
<w pos="NN" lemma="moon" phon="!mu:n" >moon</w>,</l>
<l n="24"><w pos="DT" lemma="The" phon="D@" >The</w> 
<w pos="JJ" lemma="golden" phon="!g@Ul-d@n" >golden</w> 
<w pos="NNS" lemma="apple" phon="!{-p-lz" >apples</w> 
<w pos="IN" lemma="of" phon="Qv" >of</w> 
<w pos="DT" lemma="the" phon="D@" >the</w> 
<w pos="NN" lemma="sun" phon="!sVn" >sun</w>.</l>
</lg></body>
		   </text>
		</TEI>
		