<?xml version="1.0" encoding="UTF-8"?>
<?xml-model href="http://www.tei-c.org/release/xml/tei/custom/schema/relaxng/tei_all.rng" type="application/xml" schematypens="http://relaxng.org/ns/structure/1.0"?>
<?xml-model href="http://www.tei-c.org/release/xml/tei/custom/schema/relaxng/tei_all.rng" type="application/xml"
	schematypens="http://purl.oclc.org/dsdl/schematron"?>
<TEI xmlns="http://www.tei-c.org/ns/1.0">
  <teiHeader>
      <fileDesc>
         <titleStmt>
            <title>Title</title>
         </titleStmt>
         <publicationStmt>
            <p>Publication Information</p>
         </publicationStmt>
         <sourceDesc>
            <p>Information about the source</p>
         </sourceDesc>
      </fileDesc>
  </teiHeader><text>
      <body><head><title>THE WILD SWANS AT COOLE</title></head>
<lg n="s1">
<l n="1"><w pos="DT" lemma="THE" phon="D@" >THE</w> 
<w pos="NNS" lemma="tree" phon="!tri:z" >trees</w> 
<w pos="VBP" lemma="be" phon="a:" >are</w> 
<w pos="IN" lemma="in" phon="In" >in</w> 
<w pos="PRP$" lemma="their" phon="!De@" >their</w> 
<w pos="NN" lemma="autumn" phon="!O:-t@m" >autumn</w> 
<w pos="NN" lemma="beauty" phon="!bju-tI" >beauty</w>,</l>
<l n="2"><w pos="DT" lemma="The" phon="D@" >The</w> 
<w pos="NN" lemma="woodland" phon="!wUd-l@nd" >woodland</w> 
<w pos="NNS" lemma="path" phon="!pa:Dz" >paths</w> 
<w pos="VBP" lemma="be" phon="a:" >are</w> 
<w pos="JJ" lemma="dry" phon="!draI" >dry</w>,</l>
<l n="3">
<w pos="IN" lemma="Under" phon="!Vn-d@" >Under</w> 
<w pos="DT" lemma="the" phon="D@" >the</w> 
<w pos="NNP" lemma="October" phon="Qk-!t@U-b@" >October</w> 
<w pos="VBD" lemma="twilight" phon="!twaI-laIt" >twilight</w> 
<w pos="DT" lemma="the" phon="D@" >the</w> 
<w pos="NN" lemma="water" phon="!wO:-t@" >water</w> </l>
<l n="4"><w pos="NNS" lemma="Mirrors" phon="!mI-r@z" >Mirrors</w> 
<w pos="DT" lemma="a" phon="@" >a</w> 
<w pos="RB" lemma="still" phon="!stIl" >still</w> 
<w pos="NN" lemma="sky" phon="!skaI" >sky</w>;</l>
<l n="5">
<w pos="IN" lemma="Upon" phon="@-!pQn" >Upon</w> 
<w pos="DT" lemma="the" phon="D@" >the</w> 
<w pos="JJ" lemma="brimming" phon="!b-rI-mIN" >brimming</w> 
<w pos="NN" lemma="water" phon="!wO:-t@" >water</w> 
<w pos="IN" lemma="among" phon="@-!mVN" >among</w> 
<w pos="DT" lemma="the" phon="D@" >the</w> 
<w pos="NNS" lemma="stone" phon="!st@Unz" >stones</w> </l>
<l n="6"><w pos="NNP" lemma="Are" phon="a:" >Are</w> 
<w pos="JJ" lemma="nine-and-fifty" phon="" >nine-and-fifty</w> 
<w pos="NNPS" lemma="Swans" phon="!swQnz" >Swans</w>.</l>
<l n="7">
<w pos="DT" lemma="The" phon="D@" >The</w> 
<w pos="JJ" lemma="nineteenth" phon="!naIn-!ti:nT" >nineteenth</w> 
<w pos="NN" lemma="autumn" phon="!O:-t@m" >autumn</w> 
<w pos="VBZ" lemma="have" phon="h{z" >has</w> 
<w pos="VBN" lemma="come" phon="!kVm" >come</w> 
<w pos="IN" lemma="upon" phon="@-!pQn" >upon</w> 
<w pos="PRP" lemma="me" phon="!mi:" >me</w> </l>
<l n="8"><w pos="IN" lemma="Since" phon="!sIns" >Since</w> 
<w pos="PRP" lemma="I" phon="aI" >I</w> 
<w pos="RB" lemma="first" phon="!f3:st" >first</w> 
<w pos="VBD" lemma="make" phon="!meId" >made</w> 
<w pos="PRP$" lemma="my" phon="!maI" >my</w> 
<w pos="NN" lemma="count" phon="!kaUnt" >count</w>;</l>
<l n="9"><w pos="PRP" lemma="I" phon="aI" >I</w> 
<w pos="VBD" lemma="saw" phon="!sO:" >saw</w>,
<w pos="IN" lemma="before" phon="bI-!fO:" >before</w> 
<w pos="PRP" lemma="I" phon="aI" >I</w> 
<w pos="VBD" lemma="have" phon="!h{d" >had</w> 
<w pos="RB" lemma="well" phon="!wel" >well</w> 
<w pos="VBN" lemma="finish" phon="!fI-nISd" >finished</w>,</l>
<l n="10">
<w pos="DT" lemma="All" phon="O:l" >All</w> 
<w pos="RB" lemma="suddenly" phon="!sV-d@n-lI" >suddenly</w> 
<w pos="NN" lemma="mount" phon="!maUnt" >mount</w> </l>
<l n="11">
<w pos="CC" lemma="And" phon="@n" >And</w> 
<w pos="NN" lemma="scatter" phon="!sk{-t@" >scatter</w> 
<w pos="NN" lemma="wheeling" phon="!wi-lIN" >wheeling</w> 
<w pos="IN" lemma="in" phon="In" >in</w> 
<w pos="JJ" lemma="great" phon="!greIt
" >great</w> 
<w pos="JJ" lemma="broken" phon="!br@U-k@n" >broken</w> 
<w pos="NNS" lemma="ring" phon="!rINz" >rings</w> </l>
<l n="12"><w pos="IN" lemma="Upon" phon="@-!pQn" >Upon</w> 
<w pos="PRP$" lemma="their" phon="!De@" >their</w> 
<w pos="JJ" lemma="clamorous" phon="!k-l{-m@-r@s" >clamorous</w> 
<w pos="NNS" lemma="wing" phon="!wINz" >wings</w>.</l>
<l n="13"><w pos="PRP" lemma="I" phon="aI" >I</w> 
<w pos="VBP" lemma="have" phon="h{v" >have</w> 
<w pos="VBN" lemma="look" phon="!lUkt" >looked</w> 
<w pos="IN" lemma="upon" phon="@-!pQn" >upon</w> 
<w pos="DT" lemma="those" phon="!D@Uz" >those</w> 
<w pos="JJ" lemma="brilliant" phon="!brIl-j@nt" >brilliant</w> 
<w pos="NNS" lemma="creature" phon="!kri:-tS@z" >creatures</w>,</l>
<l n="14"><w pos="CC" lemma="And" phon="@n" >And</w> 
<w pos="RB" lemma="now" phon="!naU" >now</w> 
<w pos="PRP$" lemma="my" phon="!maI" >my</w> 
<w pos="NN" lemma="heart" phon="!ha:t" >heart</w> 
<w pos="VBZ" lemma="be" phon="!Iz" >is</w> 
<w pos="RB" lemma="sore" phon="!sO:" >sore</w>.</l>
<l n="15"><w pos="DT" lemma="All" phon="O:l" >All</w> 
<w pos="POS" lemma="'s" phon="" >'s</w> 
<w pos="VBN" lemma="change" phon="" >changed</w> 
<w pos="IN" lemma="since" phon="!sIns" >since</w> 
<w pos="PRP" lemma="I" phon="aI" >I</w>,
<w pos="VBG" lemma="hear" phon="!hI@-rIN" >hearing</w> 
<w pos="IN" lemma="at" phon="{t" >at</w> 
<w pos="NN" lemma="twilight" phon="!twaI-laIt" >twilight</w>,</l>
<l n="16"><w pos="DT" lemma="The" phon="D@" >The</w> 
<w pos="JJ" lemma="first" phon="!f3:st" >first</w> 
<w pos="NN" lemma="time" phon="!taIm" >time</w> 
<w pos="IN" lemma="on" phon="Qn" >on</w> 
<w pos="DT" lemma="this" phon="!DIs" >this</w> 
<w pos="NN" lemma="shore" phon="!SO:" >shore</w>,</l>
<l n="17"><w pos="DT" lemma="The" phon="D@" >The</w> 
<w pos="NN" lemma="bell-beat" phon="" >bell-beat</w> 
<w pos="IN" lemma="of" phon="Qv" >of</w> 
<w pos="PRP$" lemma="their" phon="!De@" >their</w> 
<w pos="NNS" lemma="wing" phon="!wINz" >wings</w> 
<w pos="IN" lemma="above" phon="@-!bVv" >above</w> 
<w pos="PRP$" lemma="my" phon="!maI" >my</w> 
<w pos="NN" lemma="head" phon="!hed" >head</w>,</l>
<l n="18"><w pos="NN" lemma="Trod" phon="t-rQd" >Trod</w> 
<w pos="IN" lemma="with" phon="!wID" >with</w> 
<w pos="DT" lemma="a" phon="@" >a</w> 
<w pos="JJR" lemma="light" phon="!l-aI-t@" >lighter</w> 
<w pos="NN" lemma="tread" phon="!tred" >tread</w>.</l>
<l n="19"><w pos="NNP" lemma="Unwearied" phon="Vn-wI@-rId" >Unwearied</w> 
<w pos="RB" lemma="still" phon="!stIl" >still</w>,
<w pos="RB" lemma="lover" phon="!lV-v@" >lover</w> 
<w pos="IN" lemma="by" phon="!baI" >by</w> 
<w pos="NN" lemma="lover" phon="!lV-v@" >lover</w>,</l>
<l n="20">
<w pos="PRP" lemma="They" phon="!DeI" >They</w> 
<w pos="VBP" lemma="paddle" phon="!p{-d@l " >paddle</w> 
<w pos="IN" lemma="in" phon="In" >in</w> 
<w pos="DT" lemma="the" phon="D@" >the</w> 
<w pos="NN" lemma="cold" phon="k@Uld" >cold</w> </l>
<l n="21"><w pos="JJ" lemma="Companionable" phon="k@m-!p{-n-j@-n@-bl" >Companionable</w> 
<w pos="NNS" lemma="stream" phon="!stri:mz" >streams</w> 
<w pos="CC" lemma="or" phon="Q" >or</w> 
<w pos="VB" lemma="climb" phon="!klaIm" >climb</w> 
<w pos="DT" lemma="the" phon="D@" >the</w> 
<w pos="NN" lemma="air" phon="!e@" >air</w>;</l>
<l n="22"><w pos="PRP$" lemma="Their" phon="!De@" >Their</w> 
<w pos="NNS" lemma="heart" phon="!ha:ts" >hearts</w> 
<w pos="VBP" lemma="have" phon="h{v" >have</w> 
<w pos="RB" lemma="not" phon="!nQt" >not</w> 
<w pos="VBN" lemma="grow" phon="!gr@Un" >grown</w> 
<w pos="JJ" lemma="old" phon="!@Uld" >old</w>;</l>
<l n="23"><w pos="NN" lemma="Passion" phon="!p{-S@n" >Passion</w> 
<w pos="CC" lemma="or" phon="Q" >or</w> 
<w pos="NN" lemma="conquest" phon="kQN-k-we-st" >conquest</w>,
<w pos="VBP" lemma="wander" phon="!wQn-d@" >wander</w> 
<w pos="WRB" lemma="where" phon="!we@" >where</w> 
<w pos="PRP" lemma="they" phon="!DeI" >they</w> 
<w pos="MD" lemma="will" phon="!wIl" >will</w>,</l>
<l n="24"><w pos="NNP" lemma="Attend" phon="@-!te-nd" >Attend</w> 
<w pos="IN" lemma="upon" phon="@-!pQn" >upon</w> 
<w pos="PRP" lemma="them" phon="!Dem" >them</w> 
<w pos="RB" lemma="still" phon="!stIl" >still</w>.</l>
<l n="25"><w pos="CC" lemma="But" phon="!bVt" >But</w> 
<w pos="RB" lemma="now" phon="!naU" >now</w> 
<w pos="PRP" lemma="they" phon="!DeI" >they</w> 
<w pos="VBP" lemma="drift" phon="!drIft" >drift</w> 
<w pos="IN" lemma="on" phon="Qn" >on</w> 
<w pos="DT" lemma="the" phon="D@" >the</w> 
<w pos="RB" lemma="still" phon="!stIl" >still</w> 
<w pos="NN" lemma="water" phon="!wO:-t@" >water</w>,</l>
<l n="26"><w pos="NNP" lemma="Mysterious" phon="mIs-tI@-rI@s" >Mysterious</w>,
<w pos="NN" lemma="beautiful" phon="!bju:-t@-fUl" >beautiful</w>;</l>
<l n="27"><w pos="IN" lemma="Among" phon="@-!mVN" >Among</w> 
<w pos="WP" lemma="what" phon="!wQt" >what</w> 
<w pos="NNS" lemma="rush" phon="!rV-SIz" >rushes</w> 
<w pos="MD" lemma="will" phon="!wIl" >will</w> 
<w pos="PRP" lemma="they" phon="!DeI" >they</w> 
<w pos="VB" lemma="build" phon="!bIld" >build</w>,</l>
<l n="28">
<w pos="IN" lemma="By" phon="!baI" >By</w> 
<w pos="WP" lemma="what" phon="!wQt" >what</w> 
<w pos="NN" lemma="lake" phon="!leIk" >lake</w> 
<w pos="POS" lemma="'s" phon="" >'s</w> 
<w pos="NN" lemma="edge" phon="!edZ" >edge</w> 
<w pos="CC" lemma="or" phon="Q" >or</w> 
<w pos="NN" lemma="pool" phon="!pu:l" >pool</w> </l>
<l n="29">
<w pos="NNP" lemma="Delight" phon="dI-!laIt" >Delight</w> 
<w pos="NNS" lemma="men" phon="!men" >men</w> 
<w pos="POS" lemma="'s" phon="" >'s</w> 
<w pos="NNS" lemma="eye" phon="!aIz" >eyes</w> 
<w pos="WRB" lemma="when" phon="!wen" >when</w> 
<w pos="PRP" lemma="I" phon="aI" >I</w> 
<w pos="VBP" lemma="awake" phon="@-!weIk" >awake</w> 
<w pos="DT" lemma="some" phon="!sVm" >some</w> 
<w pos="NN" lemma="day" phon="!deI" >day</w> </l>
<l n="30"><w pos="TO" lemma="To" phon="t@" >To</w> 
<w pos="VB" lemma="find" phon="!faInd" >find</w> 
<w pos="PRP" lemma="they" phon="!DeI" >they</w> 
<w pos="VBP" lemma="have" phon="h{v" >have</w> 
<w pos="VBN" lemma="fly" phon="!fl@Un" >flown</w> 
<w pos="RP" lemma="away" phon="@-!weI" >away</w>?</l>
</lg></body>
		   </text>
		</TEI>
		