<?xml version="1.0" encoding="UTF-8"?>
<?xml-model href="http://www.tei-c.org/release/xml/tei/custom/schema/relaxng/tei_all.rng" type="application/xml" schematypens="http://relaxng.org/ns/structure/1.0"?>
<?xml-model href="http://www.tei-c.org/release/xml/tei/custom/schema/relaxng/tei_all.rng" type="application/xml"
	schematypens="http://purl.oclc.org/dsdl/schematron"?>
<TEI xmlns="http://www.tei-c.org/ns/1.0">
  <teiHeader>
      <fileDesc>
         <titleStmt>
            <title>Title</title>
         </titleStmt>
         <publicationStmt>
            <p>Publication Information</p>
         </publicationStmt>
         <sourceDesc>
            <p>Information about the source</p>
         </sourceDesc>
      </fileDesc>
  </teiHeader><text>
      <body><head><title>THE STOLEN CHILD</title></head>
<lg n="s1">
<l n="1">
<w pos="WRB" lemma="Where" phon="!we@" >Where</w> 
<w pos="VBZ" lemma="dip" phon="!dIps" >dips</w> 
<w pos="DT" lemma="the" phon="D@" >the</w> 
<w pos="JJ" lemma="rocky" phon="!rQ-kI" >rocky</w> 
<w pos="NN" lemma="highland" phon="!haI-l@nd" >highland</w> </l>
<l n="2"><w pos="IN" lemma="Of" phon="Qv" >Of</w> 
<w pos="NNP" lemma="Sleuth" phon="!slu:T" >Sleuth</w> 
<w pos="NNP" lemma="Wood" phon="!wUd" >Wood</w> 
<w pos="IN" lemma="in" phon="In" >in</w> 
<w pos="DT" lemma="the" phon="D@" >the</w> 
<w pos="NN" lemma="lake" phon="!leIk" >lake</w>,</l>
<l n="3">
<w pos="EX" lemma="There" phon="!De@" >There</w> 
<w pos="VBZ" lemma="lie" phon="!laIz" >lies</w> 
<w pos="DT" lemma="a" phon="@" >a</w> 
<w pos="NN" lemma="leafy" phon="!li-fI" >leafy</w> 
<w pos="NN" lemma="island" phon="!aI-l@nd" >island</w> </l>
<l n="4">
<w pos="WRB" lemma="Where" phon="!we@" >Where</w> 
<w pos="VBG" lemma="flap" phon="!fl{-pIN" >flapping</w> 
<w pos="NNS" lemma="heron" phon="!he-r@-nz" >herons</w> 
<w pos="VBP" lemma="wake" phon="!weIk" >wake</w> </l>
<l n="5"><w pos="DT" lemma="The" phon="D@" >The</w> 
<w pos="JJ" lemma="drowsy" phon="!d-r-aU-zI" >drowsy</w> 
<w pos="NNS" lemma="water-rats" phon="%wO:-t@-!r{ts" >water-rats</w>;</l>
<l n="6"><w pos="EX" lemma="There" phon="!De@" >There</w> 
<w pos="PRP" lemma="we" phon="wi:" >we</w> 
<w pos="VBP" lemma="'ve" phon="" >'ve</w> 
<w pos="VBN" lemma="hide" phon="!hId" >hid</w> 
<w pos="PRP$" lemma="our" phon="!aU" >our</w> 
<w pos="NN" lemma="faery" phon="feI-@-rI" >faery</w> 
<w pos="NNS" lemma="vat" phon="!v{ts" >vats</w>,</l>
<l n="7">
<w pos="NNP" lemma="Full" phon="!fUl" >Full</w> 
<w pos="IN" lemma="of" phon="Qv" >of</w> 
<w pos="NNS" lemma="berry" phon="!be-rIz" >berries</w> </l>
<l n="8"><w pos="CC" lemma="And" phon="@n" >And</w> 
<w pos="IN" lemma="of" phon="Qv" >of</w> 
<w pos="JJS" lemma="red" phon="!re-dI-st" >reddest</w> 
<w pos="VBN" lemma="steal" phon="!st@U-l@n" >stolen</w> 
<w pos="NNS" lemma="cherry" phon="!tSe-rIz" >cherries</w>.</l>
<l n="9"><w pos="NNP" lemma="Come" phon="!kVm" >Come</w> 
<w pos="RB" lemma="away" phon="@-!weI" >away</w>,
<w pos="NNP" lemma="O" phon="@U" >O</w> 
<w pos="JJ" lemma="human" phon="!hju-m@n" >human</w> 
<w pos="NN" lemma="child" phon="!tSaIld" >child</w>!</l>
<l n="10">
<w pos="TO" lemma="To" phon="t@" >To</w> 
<w pos="DT" lemma="the" phon="D@" >the</w> 
<w pos="NNS" lemma="water" phon="!wO:-t@z" >waters</w> 
<w pos="CC" lemma="and" phon="@n" >and</w> 
<w pos="DT" lemma="the" phon="D@" >the</w> 
<w pos="JJ" lemma="wild" phon="!waIld" >wild</w> </l>
<l n="11"><w pos="IN" lemma="With" phon="!wID" >With</w> 
<w pos="DT" lemma="a" phon="@" >a</w> 
<w pos="NN" lemma="faery" phon="feI-@-rI" >faery</w>,
<w pos="NN" lemma="hand" phon="!h{nd" >hand</w> 
<w pos="IN" lemma="in" phon="In" >in</w> 
<w pos="NN" lemma="hand" phon="!h{nd" >hand</w>,</l>
<l n="12">
<w pos="IN" lemma="For" phon="fQ" >For</w> 
<w pos="DT" lemma="the" phon="D@" >the</w> 
<w pos="NN" lemma="world" phon="!w3:ld" >world</w> 
<w pos="POS" lemma="'s" phon="" >'s</w> 
<w pos="RBR" lemma="more" phon="!mO:" >more</w> 
<w pos="JJ" lemma="full" phon="!fUl" >full</w> 
<w pos="IN" lemma="of" phon="Qv" >of</w> 
<w pos="VBG" lemma="weep" phon="!wi:-pIN " >weeping</w> </l>
<l n="13"><w pos="IN" lemma="than" phon="!D{n" >than</w> 
<w pos="PRP" lemma="you" phon="ju:" >you</w> 
<w pos="MD" lemma="can" phon="!k{n" >can</w> 
<w pos="VB" lemma="understand" phon="Vn-d@-!st{nd" >understand</w>.</l></lg>
<lg n="s2">
<l n="14">
<w pos="WRB" lemma="Where" phon="!we@" >Where</w> 
<w pos="DT" lemma="the" phon="D@" >the</w> 
<w pos="NN" lemma="wave" phon="!weIv" >wave</w> 
<w pos="IN" lemma="of" phon="Qv" >of</w> 
<w pos="NN" lemma="moonlight" phon="!mu:n-laIt" >moonlight</w> 
<w pos="NNS" lemma="gloss" phon="!g-lQ-sIz" >glosses</w> </l>
<l n="15"><w pos="DT" lemma="The" phon="D@" >The</w> 
<w pos="NN" lemma="dim" phon="!dIm" >dim</w> 
<w pos="JJ" lemma="grey" phon="!greI" >grey</w> 
<w pos="NNS" lemma="sand" phon="!s{ndz" >sands</w> 
<w pos="IN" lemma="with" phon="!wID" >with</w> 
<w pos="NN" lemma="light" phon="!laIt" >light</w>,</l>
<l n="16">
<w pos="NNP" lemma="Far" phon="!fa:" >Far</w> 
<w pos="RP" lemma="off" phon="Qf" >off</w> 
<w pos="IN" lemma="by" phon="!baI" >by</w> 
<w pos="JJS" lemma="furthest" phon="!f3:-DIst" >furthest</w> 
<w pos="NNS" lemma="Rosses" phon="!rQ-sIz" >Rosses</w> </l>
<l n="17"><w pos="PRP" lemma="We" phon="wi:" >We</w> 
<w pos="VBP" lemma="foot" phon="!fUt" >foot</w> 
<w pos="PRP" lemma="it" phon="It" >it</w> 
<w pos="PDT" lemma="all" phon="O:l" >all</w> 
<w pos="DT" lemma="the" phon="D@" >the</w> 
<w pos="NN" lemma="night" phon="!naIt" >night</w>,</l>
<l n="18"><w pos="VBG" lemma="Weaving" phon="!wi:-vIN" >Weaving</w> 
<w pos="JJ" lemma="olden" phon="!@Ul-d@n" >olden</w> 
<w pos="NNS" lemma="dance" phon="!da:n-sIz" >dances</w>,</l>
<l n="19">
<w pos="VBG" lemma="Mingling" phon="!mIN-lIN" >Mingling</w> 
<w pos="NNS" lemma="hand" phon="!h{ndz" >hands</w> 
<w pos="CC" lemma="and" phon="@n" >and</w> 
<w pos="VBG" lemma="mingle" phon="!mIN-lIN" >mingling</w> 
<w pos="NNS" lemma="glance" phon="!gla:n-sIz" >glances</w> </l>
<l n="20"><w pos="VB" lemma="Till" phon="!tIl" >Till</w> 
<w pos="DT" lemma="the" phon="D@" >the</w> 
<w pos="NN" lemma="moon" phon="!mu:n" >moon</w> 
<w pos="VBZ" lemma="have" phon="h{z" >has</w> 
<w pos="VBN" lemma="take" phon="!teI-k@n" >taken</w> 
<w pos="NN" lemma="flight" phon="!flaIt" >flight</w>;</l>
<l n="21">
<w pos="TO" lemma="To" phon="t@" >To</w> 
<w pos="CC" lemma="and" phon="@n" >and</w> 
<w pos="VB" lemma="fro" phon="!fr@U" >fro</w> 
<w pos="PRP" lemma="we" phon="wi:" >we</w> 
<w pos="VB" lemma="leap" phon="!lip" >leap</w> </l>
<l n="22"><w pos="CC" lemma="And" phon="@n" >And</w> 
<w pos="VB" lemma="chase" phon="!tSeIs" >chase</w> 
<w pos="DT" lemma="the" phon="D@" >the</w> 
<w pos="JJ" lemma="frothy" phon="!f-rQ-TI" >frothy</w> 
<w pos="NNS" lemma="bubble" phon="!bV-b@lz" >bubbles</w>,</l>
<l n="23">
<w pos="IN" lemma="While" phon="!waIl" >While</w> 
<w pos="DT" lemma="the" phon="D@" >the</w> 
<w pos="NN" lemma="world" phon="!w3:ld" >world</w> 
<w pos="VBZ" lemma="be" phon="!Iz" >is</w> 
<w pos="JJ" lemma="full" phon="!fUl" >full</w> 
<w pos="IN" lemma="of" phon="Qv" >of</w> 
<w pos="NNS" lemma="trouble" phon="!trV-blz" >troubles</w> </l>
<l n="24"><w pos="CC" lemma="And" phon="@n" >And</w> 
<w pos="VBZ" lemma="be" phon="!Iz" >is</w> 
<w pos="JJ" lemma="anxious" phon="!{Nk-S@s" >anxious</w> 
<w pos="IN" lemma="in" phon="In" >in</w> 
<w pos="PRP$" lemma="it" phon="Its" >its</w> 
<w pos="NN" lemma="sleep" phon="!sli:p" >sleep</w>.</l>
<l n="25"><w pos="NNP" lemma="Come" phon="!kVm" >Come</w> 
<w pos="RB" lemma="away" phon="@-!weI" >away</w>,
<w pos="NNP" lemma="O" phon="@U" >O</w> 
<w pos="JJ" lemma="human" phon="!hju-m@n" >human</w> 
<w pos="NN" lemma="child" phon="!tSaIld" >child</w>!</l>
<l n="26"><w pos="IN" lemma="With" phon="!wID" >With</w> 
<w pos="DT" lemma="a" phon="@" >a</w> 
<w pos="NN" lemma="faery" phon="feI-@-rI" >faery</w>,
<w pos="NN" lemma="hand" phon="!h{nd" >hand</w> 
<w pos="IN" lemma="in" phon="In" >in</w> 
<w pos="NN" lemma="hand" phon="!h{nd" >hand</w>,</l>
<l n="27">
<w pos="IN" lemma="For" phon="fQ" >For</w> 
<w pos="DT" lemma="the" phon="D@" >the</w> 
<w pos="NN" lemma="world" phon="!w3:ld" >world</w> 
<w pos="POS" lemma="'s" phon="" >'s</w> 
<w pos="RBR" lemma="more" phon="!mO:" >more</w> 
<w pos="JJ" lemma="full" phon="!fUl" >full</w> 
<w pos="IN" lemma="of" phon="Qv" >of</w> 
<w pos="VBG" lemma="weep" phon="!wi:-pIN " >weeping</w> </l>
<l n="28"><w pos="IN" lemma="than" phon="!D{n" >than</w> 
<w pos="PRP" lemma="you" phon="ju:" >you</w> 
<w pos="MD" lemma="can" phon="!k{n" >can</w> 
<w pos="VB" lemma="understand" phon="Vn-d@-!st{nd" >understand</w>.</l></lg>
<lg n="s3">
<l n="29">
<w pos="WRB" lemma="Where" phon="!we@" >Where</w> 
<w pos="DT" lemma="the" phon="D@" >the</w> 
<w pos="NN" lemma="wandering" phon="!wQn-d@-rIN" >wandering</w> 
<w pos="NN" lemma="water" phon="!wO:-t@" >water</w> 
<w pos="NNS" lemma="gush" phon="!gV-SIz" >gushes</w> </l>
<l n="30"><w pos="IN" lemma="From" phon="!frQm" >From</w> 
<w pos="DT" lemma="the" phon="D@" >the</w> 
<w pos="NNS" lemma="hill" phon="!hIlz" >hills</w> 
<w pos="IN" lemma="above" phon="@-!bVv" >above</w> 
<w pos="NNP" lemma="Glen-Car" phon="" >Glen-Car</w>,</l>
<l n="31">
<w pos="IN" lemma="In" phon="In" >In</w> 
<w pos="NNS" lemma="pool" phon="!pu:ls " >pools</w> 
<w pos="IN" lemma="among" phon="@-!mVN" >among</w> 
<w pos="DT" lemma="the" phon="D@" >the</w> 
<w pos="NNS" lemma="rush" phon="!rV-SIz" >rushes</w> </l>
<l n="32"><w pos="DT" lemma="That" phon="!D{t" >That</w> 
<w pos="NN" lemma="scarce" phon="!ske@s" >scarce</w> 
<w pos="MD" lemma="could" phon="!kUd" >could</w> 
<w pos="VB" lemma="bathe" phon="!beID" >bathe</w> 
<w pos="DT" lemma="a" phon="@" >a</w> 
<w pos="NN" lemma="star" phon="!sta:" >star</w>,</l>
<l n="33">
<w pos="PRP" lemma="We" phon="wi:" >We</w> 
<w pos="VBP" lemma="seek" phon="!si:k" >seek</w> 
<w pos="IN" lemma="for" phon="fQ" >for</w> 
<w pos="VBG" lemma="slumber" phon="!slV-m-b@-rIN" >slumbering</w> 
<w pos="NN" lemma="trout" phon="!traUt" >trout</w> </l>
<l n="34">
<w pos="CC" lemma="And" phon="@n" >And</w> 
<w pos="VBG" lemma="whisper" phon="!wIs-p@-rIN" >whispering</w> 
<w pos="IN" lemma="in" phon="In" >in</w> 
<w pos="PRP$" lemma="their" phon="!De@" >their</w> 
<w pos="NNS" lemma="ear" phon="!I@z" >ears</w> </l>
<l n="35"><w pos="VB" lemma="Give" phon="!gIv" >Give</w> 
<w pos="PRP" lemma="them" phon="!Dem" >them</w> 
<w pos="JJ" lemma="unquiet" phon="Vn-!k-w-aI@t" >unquiet</w> 
<w pos="NNS" lemma="dream" phon="!dri:mz" >dreams</w>;</l>
<l n="36">
<w pos="VBG" lemma="Leaning" phon="!li:-nIN " >Leaning</w> 
<w pos="RB" lemma="softly" phon="!sQft-lI" >softly</w> 
<w pos="IN" lemma="out" phon="!aUt" >out</w> </l>
<l n="37">
<w pos="IN" lemma="From" phon="!frQm" >From</w> 
<w pos="NNS" lemma="fern" phon="f3-nz" >ferns</w> 
<w pos="WDT" lemma="that" phon="!D{t" >that</w> 
<w pos="VBP" lemma="drop" phon="!drQp" >drop</w> 
<w pos="PRP$" lemma="their" phon="!De@" >their</w> 
<w pos="NNS" lemma="tear" phon="!ti:z" >tears</w> </l>
<l n="38"><w pos="IN" lemma="Over" phon="!%@U-v@" >Over</w> 
<w pos="DT" lemma="the" phon="D@" >the</w> 
<w pos="JJ" lemma="young" phon="!jVN" >young</w> 
<w pos="NNS" lemma="stream" phon="!stri:mz" >streams</w>.</l>
<l n="39"><w pos="NNP" lemma="Come" phon="!kVm" >Come</w> 
<w pos="RB" lemma="away" phon="@-!weI" >away</w>,
<w pos="NNP" lemma="O" phon="@U" >O</w> 
<w pos="JJ" lemma="human" phon="!hju-m@n" >human</w> 
<w pos="NN" lemma="child" phon="!tSaIld" >child</w>!</l>
<l n="40">
<w pos="TO" lemma="To" phon="t@" >To</w> 
<w pos="TO" lemma="to" phon="t@" >to</w> 
<w pos="NNS" lemma="water" phon="!wO:-t@z" >waters</w> 
<w pos="CC" lemma="and" phon="@n" >and</w> 
<w pos="DT" lemma="the" phon="D@" >the</w> 
<w pos="JJ" lemma="wild" phon="!waIld" >wild</w> </l>
<l n="41"><w pos="IN" lemma="With" phon="!wID" >With</w> 
<w pos="DT" lemma="a" phon="@" >a</w> 
<w pos="NN" lemma="faery" phon="feI-@-rI" >faery</w>,
<w pos="NN" lemma="hand" phon="!h{nd" >hand</w> 
<w pos="IN" lemma="in" phon="In" >in</w> 
<w pos="NN" lemma="hand" phon="!h{nd" >hand</w>,</l>
<l n="42">
<w pos="IN" lemma="For" phon="fQ" >For</w> 
<w pos="TO" lemma="to" phon="t@" >to</w> 
<w pos="NN" lemma="world" phon="!w3:ld" >world</w> 
<w pos="POS" lemma="'s" phon="" >'s</w> 
<w pos="RBR" lemma="more" phon="!mO:" >more</w> 
<w pos="JJ" lemma="full" phon="!fUl" >full</w> 
<w pos="IN" lemma="of" phon="Qv" >of</w> 
<w pos="VBG" lemma="weep" phon="!wi:-pIN " >weeping</w> </l>
<l n="43"><w pos="IN" lemma="than" phon="!D{n" >than</w> 
<w pos="PRP" lemma="you" phon="ju:" >you</w> 
<w pos="MD" lemma="can" phon="!k{n" >can</w> 
<w pos="VB" lemma="understand" phon="Vn-d@-!st{nd" >understand</w>.</l></lg>
<lg n="s4">
<l n="44"><w pos="RB" lemma="Away" phon="@-!weI" >Away</w> 
<w pos="IN" lemma="with" phon="!wID" >with</w> 
<w pos="PRP" lemma="u" phon="!Vs" >us</w> 
<w pos="PRP" lemma="he" phon="hi: " >he</w> 
<w pos="VBZ" lemma="'s" phon="" >'s</w> 
<w pos="VBG" lemma="go" phon="!g@U-IN" >going</w>,</l>
<l n="45"><w pos="DT" lemma="The" phon="D@" >The</w> 
<w pos="JJ" lemma="solemn-eyed" phon="" >solemn-eyed</w>:</l>
<l n="46">
<w pos="PRP" lemma="He" phon="hi: " >He</w> 
<w pos="MD" lemma="'ll" phon="" >'ll</w> 
<w pos="VB" lemma="hear" phon="!hI@" >hear</w> 
<w pos="RB" lemma="no" phon="!n@U" >no</w> 
<w pos="RBR" lemma="more" phon="!mO:" >more</w> 
<w pos="DT" lemma="the" phon="D@" >the</w> 
<w pos="NN" lemma="lowing" phon="!l@UIN" >lowing</w> </l>
<l n="47">
<w pos="IN" lemma="Of" phon="Qv" >Of</w> 
<w pos="DT" lemma="the" phon="D@" >the</w> 
<w pos="NNS" lemma="calf" phon="!ka:vz" >calves</w> 
<w pos="IN" lemma="on" phon="Qn" >on</w> 
<w pos="DT" lemma="the" phon="D@" >the</w> 
<w pos="JJ" lemma="warm" phon="!wO:m" >warm</w> 
<w pos="NN" lemma="hillside" phon="!hIl-saId" >hillside</w> </l>
<l n="48">
<w pos="CC" lemma="Or" phon="Q" >Or</w> 
<w pos="DT" lemma="the" phon="D@" >the</w> 
<w pos="NN" lemma="kettle" phon="!ke-t@l" >kettle</w> 
<w pos="IN" lemma="on" phon="Qn" >on</w> 
<w pos="DT" lemma="the" phon="D@" >the</w> 
<w pos="NN" lemma="hob" phon="hQb" >hob</w> </l>
<l n="49"><w pos="VBG" lemma="Sing" phon="!sIN" >Sing</w> 
<w pos="NN" lemma="peace" phon="!pi:s" >peace</w> 
<w pos="IN" lemma="into" phon="!In-tU" >into</w> 
<w pos="PRP$" lemma="his" phon="hIz" >his</w> 
<w pos="NN" lemma="breast" phon="!brest" >breast</w>,</l>
<l n="50">
<w pos="CC" lemma="Or" phon="Q" >Or</w> 
<w pos="VB" lemma="see" phon="si:" >see</w> 
<w pos="DT" lemma="the" phon="D@" >the</w> 
<w pos="JJ" lemma="brown" phon="!braUn" >brown</w> 
<w pos="NN" lemma="mouse" phon="m-aIs" >mice</w> 
<w pos="NN" lemma="bob" phon="bQb" >bob</w> </l>
<l n="51"><w pos="NNP" lemma="Round" phon="!raUnd" >Round</w> 
<w pos="CC" lemma="and" phon="@n" >and</w> 
<w pos="VB" lemma="round" phon="!raUnd" >round</w> 
<w pos="DT" lemma="the" phon="D@" >the</w> 
<w pos="JJS" lemma="oatmeal-chest" phon="" >oatmeal-chest</w>.</l>
<l n="52"><w pos="IN" lemma="For" phon="fQ" >For</w> 
<w pos="PRP" lemma="he" phon="hi: " >he</w> 
<w pos="VBZ" lemma="come" phon="!kVmz" >comes</w>,
<w pos="DT" lemma="the" phon="D@" >the</w> 
<w pos="JJ" lemma="human" phon="!hju-m@n" >human</w> 
<w pos="NN" lemma="child" phon="!tSaIld" >child</w>,</l>
<l n="53">
<w pos="TO" lemma="To" phon="t@" >To</w> 
<w pos="DT" lemma="the" phon="D@" >the</w> 
<w pos="NNS" lemma="water" phon="!wO:-t@z" >waters</w> 
<w pos="CC" lemma="and" phon="@n" >and</w> 
<w pos="DT" lemma="the" phon="D@" >the</w> 
<w pos="JJ" lemma="wild" phon="!waIld" >wild</w> </l>
<l n="54"><w pos="IN" lemma="With" phon="!wID" >With</w> 
<w pos="DT" lemma="a" phon="@" >a</w> 
<w pos="NN" lemma="faery" phon="feI-@-rI" >faery</w>,
<w pos="NN" lemma="hand" phon="!h{nd" >hand</w> 
<w pos="IN" lemma="in" phon="In" >in</w> 
<w pos="NN" lemma="hand" phon="!h{nd" >hand</w>,</l>
<l n="55">
<w pos="IN" lemma="from" phon="!frQm" >from</w> 
<w pos="DT" lemma="a" phon="@" >a</w> 
<w pos="NN" lemma="world" phon="!w3:ld" >world</w> 
<w pos="RBR" lemma="more" phon="!mO:" >more</w> 
<w pos="JJ" lemma="full" phon="!fUl" >full</w> 
<w pos="IN" lemma="of" phon="Qv" >of</w> 
<w pos="VBG" lemma="weep" phon="!wi:-pIN " >weeping</w> </l>
<l n="56"><w pos="IN" lemma="than" phon="!D{n" >than</w> 
<w pos="PRP" lemma="you" phon="ju:" >you</w> 
<w pos="MD" lemma="can" phon="!k{n" >can</w> 
<w pos="VB" lemma="understand" phon="Vn-d@-!st{nd" >understand</w>.</l>
</lg></body>
		   </text>
		</TEI>
		