<?xml version="1.0" encoding="UTF-8"?>
<?xml-model href="http://www.tei-c.org/release/xml/tei/custom/schema/relaxng/tei_all.rng" type="application/xml" schematypens="http://relaxng.org/ns/structure/1.0"?>
<?xml-model href="http://www.tei-c.org/release/xml/tei/custom/schema/relaxng/tei_all.rng" type="application/xml"
	schematypens="http://purl.oclc.org/dsdl/schematron"?>
<TEI xmlns="http://www.tei-c.org/ns/1.0">
  <teiHeader>
      <fileDesc>
         <titleStmt>
            <title>Title</title>
         </titleStmt>
         <publicationStmt>
            <p>Publication Information</p>
         </publicationStmt>
         <sourceDesc>
            <p>Information about the source</p>
         </sourceDesc>
      </fileDesc>
  </teiHeader><text>
      <body><head><title>TO IRELAND IN THE COMING TIMES</title></head>
<lg n="s1">
<l n="1"><w pos="NNP" lemma="Know" phon="!n@U
" >Know</w>,
<w pos="IN" lemma="that" phon="!D{t" >that</w> 
<w pos="PRP" lemma="I" phon="aI" >I</w> 
<w pos="MD" lemma="would" phon=":wUd" >would</w> 
<w pos="VBD" lemma="account" phon="@-!k-aU-n-tId" >accounted</w> 
<w pos="VB" lemma="be" phon="bi:" >be</w> </l>
<l n="2">
<w pos="JJ" lemma="True" phon="!tru:" >True</w> 
<w pos="NN" lemma="brother" phon="!brV-D@" >brother</w> 
<w pos="IN" lemma="of" phon="Qv" >of</w> 
<w pos="DT" lemma="a" phon="@" >a</w> 
<w pos="NN" lemma="company" phon="kQm-!p@-nI " >company</w> </l>
<l n="3"><w pos="DT" lemma="That" phon="!D{t" >That</w> 
<w pos="VBD" lemma="sing" phon="!s{N" >sang</w>,
<w pos="TO" lemma="to" phon="t@" >to</w> 
<w pos="VB" lemma="sweeten" phon="!s-wi-tn" >sweeten</w> 
<w pos="NNP" lemma="Ireland" phon="!aI-@-l@nd" >Ireland</w> 
<w pos="POS" lemma="'s" phon="" >'s</w> 
<w pos="JJ" lemma="wrong" phon="!rQN" >wrong</w>,</l>
<l n="4"><w pos="NNP" lemma="Ballad" phon="!b{-l@d" >Ballad</w> 
<w pos="CC" lemma="and" phon="@n" >and</w> 
<w pos="NN" lemma="story" phon="!stO:-rI" >story</w>,
<w pos="NN" lemma="rann" phon="" >rann</w> 
<w pos="CC" lemma="and" phon="@n" >and</w> 
<w pos="NN" lemma="song" phon="!sQN" >song</w>;</l>
<l n="5"><w pos="CC" lemma="Nor" phon="nO:" >Nor</w> 
<w pos="VB" lemma="be" phon="bi:" >be</w> 
<w pos="PRP" lemma="I" phon="aI" >I</w> 
<w pos="DT" lemma="any" phon="!e-nI" >any</w> 
<w pos="JJR" lemma="less" phon="!les" >less</w> 
<w pos="IN" lemma="of" phon="Qv" >of</w> 
<w pos="PRP" lemma="them" phon="!Dem" >them</w>,</l>
<l n="6">
<w pos="IN" lemma="Because" phon="bI-!kQz" >Because</w> 
<w pos="DT" lemma="the" phon="D@" >the</w> 
<w pos="JJ" lemma="red-rose-bordered" phon="" >red-rose-bordered</w> 
<w pos="NN" lemma="hem" phon="hem" >hem</w> </l>
<l n="7"><w pos="IN" lemma="Of" phon="Qv" >Of</w> 
<w pos="PRP" lemma="her" phon="!h3:" >her</w>,
<w pos="WP$" lemma="whose" phon="!hu:z" >whose</w> 
<w pos="NN" lemma="history" phon="!hIs-t@-rI" >history</w> 
<w pos="VBD" lemma="begin" phon="bI-!g{n" >began</w> </l>
<l n="8"><w pos="IN" lemma="Before" phon="bI-!fO:" >Before</w> 
<w pos="NNP" lemma="God" phon="!gQd" >God</w> 
<w pos="VBD" lemma="make" phon="!meId" >made</w> 
<w pos="DT" lemma="the" phon="D@" >the</w> 
<w pos="JJ" lemma="angelic" phon="{n-!dZe-lIk" >angelic</w> 
<w pos="NN" lemma="clan" phon="k-l{n" >clan</w>,</l>
<l n="9"><w pos="IN" lemma="Trails" phon="!treIlz" >Trails</w> 
<w pos="DT" lemma="all" phon="O:l" >all</w> 
<w pos="IN" lemma="about" phon="@-!baUt" >about</w> 
<w pos="DT" lemma="the" phon="D@" >the</w> 
<w pos="VBN" lemma="write" phon="!rI-tn" >written</w> 
<w pos="NN" lemma="page" phon="!peIdZ" >page</w>.</l>
<l n="10">
<w pos="WRB" lemma="When" phon="!wen" >When</w> 
<w pos="NNP" lemma="Time" phon="!taIm" >Time</w> 
<w pos="VBD" lemma="begin" phon="bI-!g{n" >began</w> 
<w pos="TO" lemma="to" phon="t@" >to</w> 
<w pos="VB" lemma="rant" phon="r{-nt" >rant</w> 
<w pos="CC" lemma="and" phon="@n" >and</w> 
<w pos="VB" lemma="rage" phon="!reIdZ" >rage</w> </l>
<l n="11">
<w pos="DT" lemma="The" phon="D@" >The</w> 
<w pos="NN" lemma="measure" phon="!me-Z@" >measure</w> 
<w pos="IN" lemma="of" phon="Qv" >of</w> 
<w pos="PRP$" lemma="her" phon="!h3:" >her</w> 
<w pos="VBG" lemma="fly" phon="!flaI-IN" >flying</w> 
<w pos="NNS" lemma="foot" phon="!fi:t" >feet</w> </l>
<l n="12"><w pos="VBN" lemma="Made" phon="!meId" >Made</w> 
<w pos="NNP" lemma="Ireland" phon="!aI-@-l@nd" >Ireland</w> 
<w pos="POS" lemma="'s" phon="" >'s</w> 
<w pos="NN" lemma="heart" phon="!ha:t" >heart</w> 
<w pos="NN" lemma="begin" phon="bI-!gIn" >begin</w> 
<w pos="TO" lemma="to" phon="t@" >to</w> 
<w pos="VB" lemma="beat" phon="!bi:t" >beat</w>;</l>
<l n="13">
<w pos="CC" lemma="And" phon="@n" >And</w> 
<w pos="NNP" lemma="Time" phon="!taIm" >Time</w> 
<w pos="VB" lemma="bid" phon="b{d" >bade</w> 
<w pos="DT" lemma="all" phon="O:l" >all</w> 
<w pos="PRP$" lemma="his" phon="hIz" >his</w> 
<w pos="NNS" lemma="candle" phon="!k{n-d@lz" >candles</w> 
<w pos="VBP" lemma="flare" phon="!fle@" >flare</w> </l>
<l n="14"><w pos="TO" lemma="To" phon="t@" >To</w> 
<w pos="VB" lemma="light" phon="!laIt" >light</w> 
<w pos="DT" lemma="a" phon="@" >a</w> 
<w pos="NN" lemma="measure" phon="!me-Z@" >measure</w> 
<w pos="RB" lemma="here" phon="hI@" >here</w> 
<w pos="CC" lemma="and" phon="@n" >and</w> 
<w pos="RB" lemma="there" phon="!De@" >there</w>;</l>
<l n="15">
<w pos="CC" lemma="And" phon="@n" >And</w> 
<w pos="MD" lemma="may" phon="!meI" >may</w> 
<w pos="DT" lemma="the" phon="D@" >the</w> 
<w pos="NNS" lemma="thought" phon="!TO:ts" >thoughts</w> 
<w pos="IN" lemma="of" phon="Qv" >of</w> 
<w pos="NNP" lemma="Ireland" phon="!aI-@-l@nd" >Ireland</w> 
<w pos="NN" lemma="brood" phon="!bru:d" >brood</w> </l>
<l n="16"><w pos="IN" lemma="Upon" phon="@-!pQn" >Upon</w> 
<w pos="DT" lemma="a" phon="@" >a</w> 
<w pos="JJ" lemma="measured" phon="!me-Z@d" >measured</w> 
<w pos="NN" lemma="guietude" phon="" >guietude</w>.</l>
<l n="17">
<w pos="CC" lemma="Nor" phon="nO:" >Nor</w> 
<w pos="MD" lemma="may" phon="!meI" >may</w> 
<w pos="PRP" lemma="I" phon="aI" >I</w> 
<w pos="JJR" lemma="less" phon="!les" >less</w> 
<w pos="VB" lemma="be" phon="bi:" >be</w> 
<w pos="VBN" lemma="count" phon="!kaUn-tId" >counted</w> 
<w pos="CD" lemma="one" phon="!wVn" >one</w> </l>
<l n="18"><w pos="IN" lemma="With" phon="!wID" >With</w> 
<w pos="NNP" lemma="Davis" phon="" >Davis</w>,
<w pos="NNP" lemma="Mangan" phon="" >Mangan</w>,
<w pos="NNP" lemma="Ferguson" phon="" >Ferguson</w>,</l>
<l n="19"><w pos="IN" lemma="Because" phon="bI-!kQz" >Because</w>,
<w pos="TO" lemma="to" phon="t@" >to</w> 
<w pos="PRP" lemma="him" phon="hIm" >him</w> 
<w pos="WP" lemma="who" phon="!hu:" >who</w> 
<w pos="VBZ" lemma="ponder" phon="!pQ-n-d@z" >ponders</w> 
<w pos="RB" lemma="well" phon="!wel" >well</w>,</l>
<l n="20">
<w pos="PRP$" lemma="My" phon="!maI" >My</w> 
<w pos="NNS" lemma="rhyme" phon="!raImz " >rhymes</w> 
<w pos="RBR" lemma="more" phon="!mO:" >more</w> 
<w pos="IN" lemma="than" phon="!D{n" >than</w> 
<w pos="PRP$" lemma="their" phon="!De@" >their</w> 
<w pos="NN" lemma="rhyming" phon="!raI-mIN" >rhyming</w> 
<w pos="NN" lemma="tell" phon="!tel" >tell</w> </l>
<l n="21"><w pos="IN" lemma="Of" phon="Qv" >Of</w> 
<w pos="NNS" lemma="thing" phon="!TINz" >things</w> 
<w pos="VBN" lemma="discover" phon="dI-!skV-v@d" >discovered</w> 
<w pos="IN" lemma="in" phon="In" >in</w> 
<w pos="DT" lemma="the" phon="D@" >the</w> 
<w pos="NN" lemma="deep" phon="!di:p" >deep</w>,</l>
<l n="22"><w pos="WRB" lemma="Where" phon="!we@" >Where</w> 
<w pos="RB" lemma="only" phon="!@Un-lI" >only</w> 
<w pos="NN" lemma="body" phon="!bQ-dI" >body</w> 
<w pos="POS" lemma="'s" phon="" >'s</w> 
<w pos="JJ" lemma="laid" phon="!leId" >laid</w> 
<w pos="NN" lemma="asleep" phon="@-!sli:p" >asleep</w>.</l>
<l n="23">
<w pos="IN" lemma="For" phon="fQ" >For</w> 
<w pos="DT" lemma="the" phon="D@" >the</w> 
<w pos="NN" lemma="elemental" phon="e-lI-men-tl" >elemental</w> 
<w pos="NNS" lemma="creature" phon="!kri:-tS@z" >creatures</w> 
<w pos="VBP" lemma="go" phon="!g@U" >go</w> </l>
<l n="24"><w pos="IN" lemma="About" phon="@-!baUt" >About</w> 
<w pos="PRP$" lemma="my" phon="!maI" >my</w> 
<w pos="NN" lemma="table" phon="!teibl" >table</w> 
<w pos="TO" lemma="to" phon="t@" >to</w> 
<w pos="CC" lemma="and" phon="@n" >and</w> 
<w pos="VB" lemma="fro" phon="!fr@U" >fro</w>,</l>
<l n="25">
<w pos="DT" lemma="That" phon="!D{t" >That</w> 
<w pos="NN" lemma="hurry" phon="!hV-rI" >hurry</w> 
<w pos="IN" lemma="from" phon="!frQm" >from</w> 
<w pos="JJ" lemma="unmeasured" phon="Vn-me-Z@d" >unmeasured</w> 
<w pos="NN" lemma="mind" phon="!maInd" >mind</w> </l>
<l n="26"><w pos="TO" lemma="To" phon="t@" >To</w> 
<w pos="VB" lemma="rant" phon="r{-nt" >rant</w> 
<w pos="CC" lemma="and" phon="@n" >and</w> 
<w pos="VB" lemma="rage" phon="!reIdZ" >rage</w> 
<w pos="IN" lemma="in" phon="In" >in</w> 
<w pos="NN" lemma="flood" phon="!flVd" >flood</w> 
<w pos="CC" lemma="and" phon="@n" >and</w> 
<w pos="NN" lemma="wind" phon="waInd" >wind</w>,</l>
<l n="27">
<w pos="RB" lemma="Yet" phon="!jet" >Yet</w> 
<w pos="PRP" lemma="he" phon="hi: " >he</w> 
<w pos="WP" lemma="who" phon="!hu:" >who</w> 
<w pos="VBZ" lemma="tread" phon="!tredz" >treads</w> 
<w pos="IN" lemma="in" phon="In" >in</w> 
<w pos="VBN" lemma="measure" phon="!me-Z@d" >measured</w> 
<w pos="NNS" lemma="way" phon="!weIz" >ways</w> </l>
<l n="28"><w pos="NNP" lemma="May" phon="!meI" >May</w> 
<w pos="RB" lemma="surely" phon="!SU@-lI" >surely</w> 
<w pos="VBP" lemma="barter" phon="!ba:-t@" >barter</w> 
<w pos="NN" lemma="gaze" phon="!geIz" >gaze</w> 
<w pos="IN" lemma="for" phon="fQ" >for</w> 
<w pos="NN" lemma="gaze" phon="!geIz" >gaze</w>.</l>
<l n="29">
<w pos="NN" lemma="Man" phon="!m{n" >Man</w> 
<w pos="RB" lemma="ever" phon="!e-v@" >ever</w> 
<w pos="VBZ" lemma="journey" phon="!dZ3-nIz" >journeys</w> 
<w pos="IN" lemma="on" phon="Qn" >on</w> 
<w pos="IN" lemma="with" phon="!wID" >with</w> 
<w pos="PRP" lemma="them" phon="!Dem" >them</w> </l>
<l n="30"><w pos="IN" lemma="After" phon="!a:f-t@" >After</w> 
<w pos="DT" lemma="the" phon="D@" >the</w> 
<w pos="JJ" lemma="red-rose-bordered" phon="" >red-rose-bordered</w> 
<w pos="NN" lemma="hem" phon="hem" >hem</w>.</l>
<l n="31"><w pos="NNP" lemma="Ah" phon="!a:" >Ah</w>,
<w pos="NNS" lemma="faery" phon="!fe@-rIz" >faeries</w>,
<w pos="VBG" lemma="dance" phon="!da:n-sIN" >dancing</w> 
<w pos="IN" lemma="under" phon="!Vn-d@" >under</w> 
<w pos="DT" lemma="the" phon="D@" >the</w> 
<w pos="NN" lemma="moon" phon="!mu:n" >moon</w>,</l>
<l n="32"><w pos="DT" lemma="A" phon="@" >A</w> 
<w pos="NNP" lemma="Druid" phon="!d-ru-Id" >Druid</w> 
<w pos="NN" lemma="land" phon="!l{nd" >land</w>,
<w pos="DT" lemma="a" phon="@" >a</w> 
<w pos="NNP" lemma="Druid" phon="!d-ru-Id" >Druid</w> 
<w pos="NN" lemma="tune" phon="!tju:n" >tune</w>.!</l>
<l n="33"><w pos="IN" lemma="While" phon="!waIl" >While</w> 
<w pos="RB" lemma="still" phon="!stIl" >still</w> 
<w pos="PRP" lemma="I" phon="aI" >I</w> 
<w pos="MD" lemma="may" phon="!meI" >may</w>,
<w pos="PRP" lemma="I" phon="aI" >I</w> 
<w pos="VBP" lemma="write" phon="!raIt" >write</w> 
<w pos="IN" lemma="for" phon="fQ" >for</w> 
<w pos="PRP" lemma="you" phon="ju:" >you</w> </l>
<l n="34"><w pos="DT" lemma="The" phon="D@" >The</w> 
<w pos="NN" lemma="love" phon="!lVv" >love</w> 
<w pos="PRP" lemma="I" phon="aI" >I</w> 
<w pos="VBD" lemma="live" phon="!lIvd" >lived</w>,
<w pos="DT" lemma="the" phon="D@" >the</w> 
<w pos="NN" lemma="dream" phon="!dri:m" >dream</w> 
<w pos="PRP" lemma="I" phon="aI" >I</w> 
<w pos="VBD" lemma="know" phon="!nju" >knew</w>.</l>
<l n="35"><w pos="IN" lemma="From" phon="!frQm" >From</w> 
<w pos="PRP$" lemma="our" phon="!aU" >our</w> 
<w pos="NN" lemma="birthday" phon="!b3:T-deI" >birthday</w>,
<w pos="IN" lemma="until" phon="@n-!tIl" >until</w> 
<w pos="PRP" lemma="we" phon="wi:" >we</w> 
<w pos="VBP" lemma="die" phon="!daI" >die</w>,</l>
<l n="36"><w pos="VBZ" lemma="Is" phon="!Iz" >Is</w> 
<w pos="CC" lemma="but" phon="!bVt" >but</w> 
<w pos="DT" lemma="the" phon="D@" >the</w> 
<w pos="NN" lemma="winking" phon="!wIN-kIN" >winking</w> 
<w pos="IN" lemma="of" phon="Qv" >of</w> 
<w pos="DT" lemma="an" phon="@n" >an</w> 
<w pos="NN" lemma="eye" phon="!aI" >eye</w>;</l>
<l n="37"><w pos="CC" lemma="And" phon="@n" >And</w> 
<w pos="PRP" lemma="we" phon="wi:" >we</w>,
<w pos="PRP$" lemma="our" phon="!aU" >our</w> 
<w pos="NN" lemma="singing" phon="!sI-NIN" >singing</w> 
<w pos="CC" lemma="and" phon="@n" >and</w> 
<w pos="PRP$" lemma="our" phon="!aU" >our</w> 
<w pos="NN" lemma="love" phon="!lVv" >love</w>,</l>
<l n="38"><w pos="WP" lemma="What" phon="!wQt" >What</w> 
<w pos="NN" lemma="measurer" phon="me-Z@-r@" >measurer</w> 
<w pos="NNP" lemma="Time" phon="!taIm" >Time</w> 
<w pos="VBZ" lemma="have" phon="h{z" >has</w> 
<w pos="VBN" lemma="light" phon="lIt" >lit</w> 
<w pos="IN" lemma="above" phon="@-!bVv" >above</w>,</l>
<l n="39">
<w pos="CC" lemma="And" phon="@n" >And</w> 
<w pos="DT" lemma="all" phon="O:l" >all</w> 
<w pos="JJ" lemma="benighted" phon="bI-!n-aI-tId" >benighted</w> 
<w pos="NNS" lemma="thing" phon="!TINz" >things</w> 
<w pos="WDT" lemma="that" phon="!D{t" >that</w> 
<w pos="VBP" lemma="go" phon="!g@U" >go</w> </l>
<l n="40"><w pos="IN" lemma="About" phon="@-!baUt" >About</w> 
<w pos="PRP$" lemma="my" phon="!maI" >my</w> 
<w pos="NN" lemma="table" phon="!teibl" >table</w> 
<w pos="TO" lemma="to" phon="t@" >to</w> 
<w pos="CC" lemma="and" phon="@n" >and</w> 
<w pos="VB" lemma="fro" phon="!fr@U" >fro</w>,</l>
<l n="41"><w pos="NNP" lemma="Are" phon="a:" >Are</w> 
<w pos="VBG" lemma="pass" phon="!pa:-sIN" >passing</w> 
<w pos="IN" lemma="on" phon="Qn" >on</w> 
<w pos="TO" lemma="to" phon="t@" >to</w> 
<w pos="WRB" lemma="where" phon="!we@" >where</w> 
<w pos="MD" lemma="may" phon="!meI" >may</w> 
<w pos="VB" lemma="be" phon="bi:" >be</w>,</l>
<l n="42"><w pos="IN" lemma="In" phon="In" >In</w> 
<w pos="NN" lemma="truth" phon="!tru:T" >truth</w> 
<w pos="POS" lemma="'s" phon="" >'s</w> 
<w pos="NN" lemma="consuming" phon="k@n-!s-ju-mIN" >consuming</w> 
<w pos="NN" lemma="ecstasy" phon="!eks-t@-sI" >ecstasy</w>,</l>
<l n="43"><w pos="DT" lemma="No" phon="!n@U" >No</w> 
<w pos="NN" lemma="place" phon="!pleIs" >place</w> 
<w pos="IN" lemma="for" phon="fQ" >for</w> 
<w pos="NN" lemma="love" phon="!lVv" >love</w> 
<w pos="CC" lemma="and" phon="@n" >and</w> 
<w pos="NN" lemma="dream" phon="!dri:m" >dream</w> 
<w pos="IN" lemma="at" phon="{t" >at</w> 
<w pos="DT" lemma="all" phon="O:l" >all</w>;</l>
<l n="44"><w pos="IN" lemma="For" phon="fQ" >For</w> 
<w pos="NNP" lemma="God" phon="!gQd" >God</w> 
<w pos="VBZ" lemma="go" phon="!g@Uz" >goes</w> 
<w pos="IN" lemma="by" phon="!baI" >by</w> 
<w pos="IN" lemma="with" phon="!wID" >with</w> 
<w pos="JJ" lemma="white" phon="!waIt" >white</w> 
<w pos="NN" lemma="footfall" phon="!fU-t-fQl" >footfall</w>.</l>
<l n="45"><w pos="PRP" lemma="I" phon="aI" >I</w> 
<w pos="VBP" lemma="cast" phon="!ka:st" >cast</w> 
<w pos="PRP$" lemma="my" phon="!maI" >my</w> 
<w pos="NN" lemma="heart" phon="!ha:t" >heart</w> 
<w pos="IN" lemma="into" phon="!In-tU" >into</w> 
<w pos="PRP$" lemma="my" phon="!maI" >my</w> 
<w pos="NNS" lemma="rhyme" phon="!raImz " >rhymes</w>,</l>
<l n="46"><w pos="IN" lemma="That" phon="!D{t" >That</w> 
<w pos="PRP" lemma="you" phon="ju:" >you</w>,
<w pos="IN" lemma="in" phon="In" >in</w> 
<w pos="DT" lemma="the" phon="D@" >the</w> 
<w pos="NN" lemma="dim" phon="!dIm" >dim</w> 
<w pos="VBG" lemma="come" phon="!kV-mIN" >coming</w> 
<w pos="NNS" lemma="time" phon="!taImz" >times</w>,</l>
<l n="47">
<w pos="NNP" lemma="May" phon="!meI" >May</w> 
<w pos="VB" lemma="know" phon="!n@U
" >know</w> 
<w pos="WRB" lemma="how" phon="!haU" >how</w> 
<w pos="PRP$" lemma="my" phon="!maI" >my</w> 
<w pos="NN" lemma="heart" phon="!ha:t" >heart</w> 
<w pos="VBD" lemma="go" phon="!went" >went</w> 
<w pos="IN" lemma="with" phon="!wID" >with</w> 
<w pos="PRP" lemma="them" phon="!Dem" >them</w> </l>
<l n="48"><w pos="IN" lemma="After" phon="!a:f-t@" >After</w> 
<w pos="DT" lemma="the" phon="D@" >the</w> 
<w pos="JJ" lemma="red-rose-bordered" phon="" >red-rose-bordered</w> 
<w pos="NN" lemma="hem" phon="hem" >hem</w>.</l>
</lg></body>
		   </text>
		</TEI>
		