<?xml version="1.0" encoding="UTF-8"?>
<?xml-model href="http://www.tei-c.org/release/xml/tei/custom/schema/relaxng/tei_all.rng" type="application/xml" schematypens="http://relaxng.org/ns/structure/1.0"?>
<?xml-model href="http://www.tei-c.org/release/xml/tei/custom/schema/relaxng/tei_all.rng" type="application/xml"
	schematypens="http://purl.oclc.org/dsdl/schematron"?>
<TEI xmlns="http://www.tei-c.org/ns/1.0">
  <teiHeader>
      <fileDesc>
         <titleStmt>
            <title>Title</title>
         </titleStmt>
         <publicationStmt>
            <p>Publication Information</p>
         </publicationStmt>
         <sourceDesc>
            <p>Information about the source</p>
         </sourceDesc>
      </fileDesc>
  </teiHeader><text>
      <body><head><title>Wolves</title></head>
<lg n="s1">
<l n="1">
<w pos="PRP" lemma="I" phon="aI" >I</w> 
<w pos="VBP" lemma="do" phon="!du:" >do</w> 
<w pos="RB" lemma="not" phon="!nQt" >not</w> 
<w pos="VB" lemma="want" phon="!wQnt" >want</w> 
<w pos="TO" lemma="to" phon="t@" >to</w> 
<w pos="VB" lemma="be" phon="bi:" >be</w> 
<w pos="JJ" lemma="reflective" phon="rI-!flek-tIv" >reflective</w> 
<w pos="DT" lemma="any" phon="!e-nI" >any</w> 
<w pos="JJR" lemma="more" phon="!mO:" >more</w> </l>
<l n="2">
<w pos="NN" lemma="Envying" phon="!en-vI-IN" >Envying</w> 
<w pos="CC" lemma="and" phon="@n" >and</w> 
<w pos="VBG" lemma="despise" phon="dIs-!paI-zIN" >despising</w> 
<w pos="JJ" lemma="unreflective" phon="%Vn-rI-!flek-tIv" >unreflective</w> 
<w pos="NNS" lemma="thing" phon="!TINz" >things</w> </l>
<l n="3">
<w pos="VBG" lemma="Finding" phon="!faIn-dIN" >Finding</w> 
<w pos="NN" lemma="pathos" phon="!peI-TQs" >pathos</w> 
<w pos="IN" lemma="in" phon="In" >in</w> 
<w pos="NNS" lemma="dog" phon="!dQgz" >dogs</w> 
<w pos="CC" lemma="and" phon="@n" >and</w> 
<w pos="VBD" lemma="undeveloped" phon="Vn-dI-!ve-l@pt" >undeveloped</w> 
<w pos="VBG" lemma="handwrite" phon="!h{nd-raI-tIN" >handwriting</w> </l>
<l n="4">
<w pos="CC" lemma="And" phon="@n" >And</w> 
<w pos="JJ" lemma="young" phon="!jVN" >young</w> 
<w pos="NNS" lemma="girl" phon="!g3:lz" >girls</w> 
<w pos="VBG" lemma="do" phon="!du:-IN" >doing</w> 
<w pos="PRP$" lemma="their" phon="!De@" >their</w> 
<w pos="NN" lemma="hair" phon="!he@" >hair</w> 
<w pos="CC" lemma="and" phon="@n" >and</w> 
<w pos="PDT" lemma="all" phon="O:l" >all</w> 
<w pos="DT" lemma="the" phon="D@" >the</w> 
<w pos="NNS" lemma="castle" phon="!ka:-s@lz" >castles</w> 
<w pos="IN" lemma="of" phon="Qv" >of</w> 
<w pos="NN" lemma="sand" phon="!s{nd" >sand</w> </l>
<l n="5"><w pos="VBN" lemma="Flushed" phon="!flVSt" >Flushed</w> 
<w pos="IN" lemma="by" phon="!baI" >by</w> 
<w pos="DT" lemma="the" phon="D@" >the</w> 
<w pos="NN" lemma="childrenæs" phon="" >childrenæs</w> 
<w pos="NN" lemma="bedtime" phon="!bed-%taim" >bedtime</w>,
<w pos="NN" lemma="level" phon="!le-vl" >level</w> 
<w pos="IN" lemma="with" phon="!wID" >with</w> 
<w pos="DT" lemma="the" phon="D@" >the</w> 
<w pos="NN" lemma="shore" phon="!SO:" >shore</w>.</l></lg>
<lg n="s2">
<l n="6"><w pos="DT" lemma="The" phon="D@" >The</w> 
<w pos="NN" lemma="tide" phon="!taId" >tide</w> 
<w pos="VBZ" lemma="come" phon="!kVmz" >comes</w> 
<w pos="IN" lemma="in" phon="In" >in</w> 
<w pos="CC" lemma="and" phon="@n" >and</w> 
<w pos="VBZ" lemma="go" phon="!g@Uz" >goes</w> 
<w pos="RP" lemma="out" phon="!aUt" >out</w> 
<w pos="RB" lemma="again" phon="@-!gen" >again</w>,
<w pos="PRP" lemma="I" phon="aI" >I</w> 
<w pos="VBP" lemma="do" phon="!du:" >do</w> 
<w pos="RB" lemma="not" phon="!nQt" >not</w> 
<w pos="VB" lemma="want" phon="!wQnt" >want</w> </l>
<l n="7"><w pos="TO" lemma="To" phon="t@" >To</w> 
<w pos="VB" lemma="be" phon="bi:" >be</w> 
<w pos="RB" lemma="always" phon="!O:l-weIz" >always</w> 
<w pos="VBG" lemma="stress" phon="!stre-sIN" >stressing</w> 
<w pos="CC" lemma="either" phon="!aI-D@" >either</w> 
<w pos="PRP$" lemma="it" phon="Its" >its</w> 
<w pos="NN" lemma="flux" phon="!flVks" >flux</w> 
<w pos="CC" lemma="or" phon="Q" >or</w> 
<w pos="PRP$" lemma="it" phon="Its" >its</w> 
<w pos="NN" lemma="permanence" phon="!p3-m@-n@ns" >permanence</w>,</l>
<l n="8">
<w pos="PRP" lemma="I" phon="aI" >I</w> 
<w pos="VBP" lemma="do" phon="!du:" >do</w> 
<w pos="RB" lemma="not" phon="!nQt" >not</w> 
<w pos="VB" lemma="want" phon="!wQnt" >want</w> 
<w pos="TO" lemma="to" phon="t@" >to</w> 
<w pos="VB" lemma="be" phon="bi:" >be</w> 
<w pos="DT" lemma="a" phon="@" >a</w> 
<w pos="JJ" lemma="tragic" phon="!tr{-dZIk" >tragic</w> 
<w pos="CC" lemma="or" phon="Q" >or</w> 
<w pos="JJ" lemma="philosophic" phon="fI-l@-sQ-fIk" >philosophic</w> 
<w pos="NN" lemma="chorus" phon="!kO:-r@s" >chorus</w> </l>
<l n="9">
<w pos="CC" lemma="But" phon="!bVt" >But</w> 
<w pos="TO" lemma="to" phon="t@" >to</w> 
<w pos="VB" lemma="keep" phon="!ki:p" >keep</w> 
<w pos="PRP$" lemma="my" phon="!maI" >my</w> 
<w pos="NN" lemma="eye" phon="!aI" >eye</w> 
<w pos="RB" lemma="only" phon="!@Un-lI" >only</w> 
<w pos="IN" lemma="on" phon="Qn" >on</w> 
<w pos="DT" lemma="the" phon="D@" >the</w> 
<w pos="NN" lemma="nearer" phon="!ni:-r@" >nearer</w> 
<w pos="NN" lemma="future" phon="!fju-tS@" >future</w> </l>
<l n="10"><w pos="CC" lemma="And" phon="@n" >And</w> 
<w pos="IN" lemma="after" phon="!a:f-t@" >after</w> 
<w pos="DT" lemma="that" phon="!D{t" >that</w> 
<w pos="VBD" lemma="let" phon="!let" >let</w> 
<w pos="DT" lemma="the" phon="D@" >the</w> 
<w pos="NN" lemma="sea" phon="!si:" >sea</w> 
<w pos="NN" lemma="flow" phon="!fl@U" >flow</w> 
<w pos="IN" lemma="over" phon="!%@U-v@" >over</w> 
<w pos="PRP" lemma="u" phon="!Vs" >us</w>.</l></lg>
<lg n="s3">
<l n="11"><w pos="NNP" lemma="Come" phon="!kVm" >Come</w> 
<w pos="RB" lemma="then" phon="!Den" >then</w> 
<w pos="DT" lemma="all" phon="O:l" >all</w> 
<w pos="IN" lemma="of" phon="Qv" >of</w> 
<w pos="PRP" lemma="you" phon="ju:" >you</w>,
<w pos="VB" lemma="come" phon="!kVm" >come</w> 
<w pos="JJR" lemma="close" phon="!kl@U-z@" >closer</w>,
<w pos="VB" lemma="form" phon="!fO!m" >form</w> 
<w pos="DT" lemma="a" phon="@" >a</w> 
<w pos="NN" lemma="circle" phon="!s3:-kl" >circle</w>,</l>
<l n="12">
<w pos="NNP" lemma="Join" phon="!dZoIn" >Join</w> 
<w pos="NNS" lemma="hand" phon="!h{ndz" >hands</w> 
<w pos="CC" lemma="and" phon="@n" >and</w> 
<w pos="VB" lemma="make" phon="!meIk" >make</w> 
<w pos="VBP" lemma="believe" phon="bI-!li:v" >believe</w> 
<w pos="IN" lemma="that" phon="!D{t" >that</w> 
<w pos="VBD" lemma="join" phon="!dZoInd" >joined</w> </l>
<l n="13">
<w pos="NNS" lemma="Hands" phon="!h{ndz" >Hands</w> 
<w pos="MD" lemma="will" phon="!wIl" >will</w> 
<w pos="VB" lemma="keep" phon="!ki:p" >keep</w> 
<w pos="RP" lemma="away" phon="@-!weI" >away</w> 
<w pos="DT" lemma="the" phon="D@" >the</w> 
<w pos="NNS" lemma="wolf" phon="!wUlvz" >wolves</w> 
<w pos="IN" lemma="of" phon="Qv" >of</w> 
<w pos="NN" lemma="water" phon="!wO:-t@" >water</w> </l>
<l n="14"><w pos="WP" lemma="Who" phon="!hu:" >Who</w> 
<w pos="VBZ" lemma="howl" phon="!haUl" >howl</w> 
<w pos="IN" lemma="along" phon="@-!lQN" >along</w> 
<w pos="PRP$" lemma="our" phon="!aU" >our</w> 
<w pos="NN" lemma="coast" phon="!k@Ust" >coast</w>.
<w pos="CC" lemma="And" phon="@n" >And</w> 
<w pos="VB" lemma="be" phon="bi:" >be</w> 
<w pos="PRP" lemma="it" phon="It" >it</w> 
<w pos="VBD" lemma="assume" phon="@-!sjumd" >assumed</w> </l>
<l n="15"><w pos="DT" lemma="That" phon="!D{t" >That</w> 
<w pos="DT" lemma="no" phon="!n@U" >no</w> 
<w pos="CD" lemma="one" phon="!wVn" >one</w> 
<w pos="VBZ" lemma="hear" phon="!hI@z" >hears</w> 
<w pos="PRP" lemma="them" phon="!Dem" >them</w> 
<w pos="IN" lemma="among" phon="@-!mVN" >among</w> 
<w pos="DT" lemma="the" phon="D@" >the</w> 
<w pos="NN" lemma="talk" phon="!tO:k" >talk</w> 
<w pos="CC" lemma="and" phon="@n" >and</w> 
<w pos="NN" lemma="laughter" phon="!la:f-t@" >laughter</w>.</l>
</lg></body>
		   </text>
		</TEI>
		