title,nr_words,nr_stanzas,nr_lines,alliteration,internal_rhyme,perfect_rhyme
The_Arrow,68,1,8,12,0,4
The_Lake_Isle_Of_Innisfree,124,1,12,21,0,10
The_Gyres,186,1,24,33,0,8
The_Sorrow_Of_Love,94,1,12,12,0,4
The_Song_Of_Wandering_Aengus,164,1,24,29,2,10
The_Stolen_Child,300,4,56,51,4,35
No_Second_Troy,99,1,12,21,1,10
The_Second_Coming,166,1,22,16,0,0
Before_The_World_Was_Made,91,1,16,4,0,2
To_Ireland_In_The_Coming_Times,299,1,48,37,0,38
Long-Legged_Fly,166,1,30,22,1,6
Leda_And_The_Swan,113,3,15,24,0,6
The_Wild_Swans_At_Coole,177,1,30,19,3,16
Lapis_Lazuli,356,1,57,62,1,18
Byzantium,239,1,40,50,1,8
Belfast,158,5,20,29,0,0
Sunday_Morning,141,3,14,30,2,12
Never_Give_All_The_Heart,97,1,14,12,1,4
Budgie,221,2,29,46,2,0
Wolves,138,3,15,19,2,2
Down_By_The_Salley_Gardens,91,4,16,8,2,6
